ISSN,DOI,authors,year,title,journal,URL,citations,year_for_citations_by_year,citations_per_year,more_than_30_citations_per_year,psych_study_on_human_participants
0005-7967,10.1016/j.brat.2022.104101,Hornstein; Eisenberger,2022,Exploring the effect of loneliness on fear: Implications for the effect of COVID-19-induced social disconnection on anxiety,Behaviour Research and Therapy,https://doi.org/10.1016/j.brat.2022.104101,8,2022,2.67,FALSE,NA
0005-7967,10.1016/j.brat.2023.104456,Burger; Andikkhash; Jäger; Anderbro; Blanken; Klintwall,2024,A novel approach for constructing personalized networks from longitudinal perceived causal relations,Behaviour Research and Therapy,https://doi.org/10.1016/j.brat.2023.104456,3,2024,3,FALSE,NA
0005-7967,10.1016/j.brat.2013.05.009,Walser; Karlin; Trockel; Mazina; Barr Taylor,2013,Training in and implementation of Acceptance and Commitment Therapy for depression in the Veterans Health Administration: Therapist and patient outcomes,Behaviour Research and Therapy,https://doi.org/10.1016/j.brat.2013.05.009,61,2013,5.08,FALSE,NA
0005-7967,10.1016/j.brat.2014.01.006,McEvoy; Saulsman,2014,Imagery-enhanced cognitive behavioural group therapy for social anxiety disorder: A pilot study,Behaviour Research and Therapy,https://doi.org/10.1016/j.brat.2014.01.006,38,2014,3.45,FALSE,NA
0005-7967,10.1016/j.brat.2012.10.004,Reinecke; Rinck; Becker; Hoyer,2013,Cognitive-behavior therapy resolves implicit fear associations in generalized anxiety disorder,Behaviour Research and Therapy,https://doi.org/10.1016/j.brat.2012.10.004,13,2013,1.08,FALSE,NA
0005-7967,10.1016/j.brat.2017.01.006,Keng; Tan; Eisenlohr-Moul; Smoski,2017,"Effects of mindfulness, reappraisal, and suppression on sad mood and cognitive resources",Behaviour Research and Therapy,https://doi.org/10.1016/j.brat.2017.01.006,25,2017,3.13,FALSE,NA
0005-7967,10.1016/j.brat.2024.104522,Aupperle; Kuplicki; Tsuchiyagaito; Akeman; Sturycz-Taylor; DeVille; Lasswell; Misaki; Berg; McDermott; Touthang; Ballard; Cha; Schacter; Paulus,2024,Ventromedial prefrontal cortex activation and neurofeedback modulation during episodic future thinking for individuals with suicidal thoughts and behaviors,Behaviour Research and Therapy,https://doi.org/10.1016/j.brat.2024.104522,4,2024,4,FALSE,NA
0005-7967,10.1016/j.brat.2013.08.001,Masson; von Ranson; Wallace; Safer,2013,A randomized wait-list controlled pilot study of dialectical behaviour therapy guided self-help for binge eating disorder,Behaviour Research and Therapy,https://doi.org/10.1016/j.brat.2013.08.001,60,2013,5,FALSE,NA
0005-7967,10.1016/j.brat.2012.03.004,Nilsson; Lundh; Viborg,2012,Imagery rescripting of early memories in social anxiety disorder: An experimental study,Behaviour Research and Therapy,https://doi.org/10.1016/j.brat.2012.03.004,77,2012,5.92,FALSE,NA
0005-7967,10.1016/j.brat.2007.07.005,Jaaniste; Hayes; von Baeyer,2007,Effects of preparatory information and distraction on children's cold-pressor pain outcomes: A randomized controlled trial,Behaviour Research and Therapy,https://doi.org/10.1016/j.brat.2007.07.005,25,2007,1.39,FALSE,NA
0009-3920,10.1111/cdev.13157,Elenbaas,2019,Interwealth Contact and Young Children's Concern for Equity,Child Development,https://doi.org/10.1111/cdev.13157,17,2019,2.83,FALSE,NA
0009-3920,10.1111/j.1467-8624.2012.01817.x,Bascoe; Davies; Cummings,2012,Beyond Warmth and Conflict: The Developmental Utility of a Boundary Conceptualization of Sibling Relationship Processes,Child Development,https://doi.org/10.1111/j.1467-8624.2012.01817.x,17,2012,1.31,FALSE,NA
0009-3920,10.1111/cdev.13332,Scott; Pinderhughes; Johnson,2020,How Does Racial Context Matter?: Family Preparation‐for‐Bias Messages and Racial Coping Reported by Black Youth,Child Development,https://doi.org/10.1111/cdev.13332,32,2020,6.4,FALSE,NA
0009-3920,10.1111/cdev.13894,McCurdy; Russell,2023,"Perceived parental social support and psychological control predict depressive symptoms for lesbian, gay, bisexual, transgender, queer, or questioning youth in the United States",Child Development,https://doi.org/10.1111/cdev.13894,4,2023,2,FALSE,NA
0009-3920,10.1111/j.1467-8624.2007.00988.x,Harlaar; Dale; Plomin,2007,From Learning to Read to Reading to Learn: Substantial and Stable Genetic Influence,Child Development,https://doi.org/10.1111/j.1467-8624.2007.00988.x,49,2007,2.72,FALSE,NA
0009-3920,10.1111/j.1467-8624.2010.01552.x,Garber; Ciesla; McCauley; Diamond; Schloredt,2011,Remission of Depression in Parents: Links to Healthy Functioning in Their Children,Child Development,https://doi.org/10.1111/j.1467-8624.2010.01552.x,78,2011,5.57,FALSE,NA
0009-3920,10.1111/cdev.12650,Laninga‐Wijnen; Harakeh; Steglich; Dijkstra; Veenstra; Vollebergh,2017,The Norms of Popular Peers Moderate Friendship Dynamics of Adolescent Aggression,Child Development,https://doi.org/10.1111/cdev.12650,52,2017,6.5,FALSE,NA
0009-3920,10.1111/cdev.12909,Simanowski; Krajewski,2019,Specific Preschool Executive Functions Predict Unique Aspects of Mathematics Development: A 3‐Year Longitudinal Study,Child Development,https://doi.org/10.1111/cdev.12909,40,2019,6.67,FALSE,NA
0009-3920,10.1111/cdev.14140,Bakker; Torbeyns; Verschaffel; De Smedt,2024,Cognitive characteristics of children with high mathematics achievement before they start formal schooling,Child Development,https://doi.org/10.1111/cdev.14140,0,2024,0,FALSE,NA
0009-3920,10.1111/cdev.12611,Rambaran; Hopmeyer; Schwartz; Steglich; Badaly; Veenstra,2017,Academic Functioning and Peer Influences: A Short‐Term Longitudinal Study of Network–Behavior Dynamics in Middle Adolescence,Child Development,https://doi.org/10.1111/cdev.12611,85,2017,10.63,FALSE,NA
2167-7026,10.1177/2167702613484717,Schueller; Pérez-Stable; Muñoz,2013,A Mood Management Intervention in an Internet Stop Smoking Randomized Controlled Trial Does Not Prevent Depression,Clinical Psychological Science,https://doi.org/10.1177/2167702613484717,4,2013,0.33,FALSE,NA
2167-7026,10.1177/2167702614553026,Lane; Sher,2015,Limits of Current Approaches to Diagnosis Severity Based on Criterion Counts,Clinical Psychological Science,https://doi.org/10.1177/2167702614553026,68,2015,6.8,FALSE,NA
2167-7026,10.1177/2167702618785618,Allé; Berna; Berntsen,2018,Involuntary Autobiographical Memory and Future Thought Predicting Hallucination Proneness,Clinical Psychological Science,https://doi.org/10.1177/2167702618785618,14,2018,2,FALSE,NA
2167-7026,10.1177/2167702621992337,Hart; Breeden; Richardson; Kinrade,2021,Depression and the Adoption of Faux Depression Symptoms: Novel Evidence for a Self-Verification Perspective,Clinical Psychological Science,https://doi.org/10.1177/2167702621992337,4,2021,1,FALSE,NA
2167-7026,10.1177/21677026241305377,Elliott; Hsu; Uddin; Modavi; Johnson,2025,Introducing the Glutamate-Amplifies-Noradrenergic-Effects (GANE) Model to the Neurocognitive Study of Emotion-Related Impulsivity,Clinical Psychological Science,https://doi.org/10.1177/21677026241305377,0,2024,0,FALSE,NA
2167-7026,10.1177/21677026211031543,Zhou; Cui; Yang; Shi; Luo; Cheung; Lui; Chan,2022,Audiovisual Temporal Processing in Children and Adolescents With Schizophrenia and Children and Adolescents With Autism: Evidence From Simultaneity-Judgment Tasks and Eye-Tracking Data,Clinical Psychological Science,https://doi.org/10.1177/21677026211031543,10,2022,3.33,FALSE,NA
2167-7026,10.1177/2167702617744326,Takarangi; Oulton; Strange,2018,Explaining Memory Amplification: Is It All About the Test Format?,Clinical Psychological Science,https://doi.org/10.1177/2167702617744326,2,2018,0.29,FALSE,NA
2167-7026,10.1177/2167702617711284,Zachar; First; Kendler,2017,The Bereavement Exclusion Debate in theDSM-5: A History,Clinical Psychological Science,https://doi.org/10.1177/2167702617711284,35,2017,4.38,FALSE,NA
2167-7026,10.1177/2167702614567351,Kazdin,2015,Editor’s Introduction to the Special Series,Clinical Psychological Science,https://doi.org/10.1177/2167702614567351,1,2015,0.1,FALSE,NA
2167-7026,10.1177/2167702617712525,Hayes,2018,The Category Use Effect in Clinical Diagnosis,Clinical Psychological Science,https://doi.org/10.1177/2167702617712525,1,2018,0.14,FALSE,NA
0010-0277,10.1016/j.cognition.2013.01.010,Wagner; Dobkins; Barner,2013,Slow mapping: Color word learning as a gradual inductive process,Cognition,https://doi.org/10.1016/j.cognition.2013.01.010,34,2013,2.83,FALSE,NA
0010-0277,10.1016/j.cognition.2020.104182,Pavlek; Winters; Morin,2020,Reverse engineering cash: Coin designs mark out high value differentials and coin sizes track values logarithmically,Cognition,https://doi.org/10.1016/j.cognition.2020.104182,4,2020,0.8,FALSE,NA
0010-0277,10.1016/j.cognition.2024.106051,Finiasz; Shore; Xu; Kushnir,2025,Children's cost-benefit analysis about agents who act for the greater good,Cognition,https://doi.org/10.1016/j.cognition.2024.106051,0,2024,0,FALSE,NA
0010-0277,10.1016/j.cognition.2011.02.003,Ma; Xu,2011,Young children’s use of statistical sampling evidence to infer the subjectivity of preferences,Cognition,https://doi.org/10.1016/j.cognition.2011.02.003,52,2011,3.71,FALSE,NA
0010-0277,10.1016/j.cognition.2022.105262,Liljeholm,2022,Flexible control as surrogate reward or dynamic reward maximization,Cognition,https://doi.org/10.1016/j.cognition.2022.105262,0,2022,0,FALSE,NA
0010-0277,10.1016/j.cognition.2018.03.012,Jern; Lucas; Kemp,2018,Corrigendum to “People learn other people’s preferences through inverse decision-making” [Cognition 168 (2017) 46–64],Cognition,https://doi.org/10.1016/j.cognition.2018.03.012,0,2018,0,FALSE,NA
0010-0277,10.1016/j.cognition.2017.07.012,Bonn; Cantlon,2017,"Spontaneous, modality-general abstraction of a ratio scale",Cognition,https://doi.org/10.1016/j.cognition.2017.07.012,31,2017,3.88,FALSE,NA
0010-0277,10.1016/j.cognition.2015.06.014,Faber; Gennari,2015,In search of lost time: Reconstructing the unfolding of events from memory,Cognition,https://doi.org/10.1016/j.cognition.2015.06.014,42,2015,4.2,FALSE,NA
0010-0277,10.1016/j.cognition.2011.07.013,Brunyé; Gardony; Mahoney; Taylor,2012,Body-specific representations of spatial location,Cognition,https://doi.org/10.1016/j.cognition.2011.07.013,48,2012,3.69,FALSE,NA
0010-0277,10.1016/j.cognition.2010.08.014,English; Nielson,2010,Reduction of the misinformation effect by arousal induced after learning,Cognition,https://doi.org/10.1016/j.cognition.2010.08.014,17,2010,1.13,FALSE,NA
2474-7394,10.1525/collabra.75214,Sust; Stachl; Kudchadker; Bühner; Schoedel,2023,Personality Computing With Naturalistic Music Listening Behavior: Comparing Audio and Lyrics Preferences,Collabra: Psychology,https://doi.org/10.1525/collabra.75214,2,2023,1,FALSE,NA
2474-7394,10.1525/collabra.117083,Folk; Yu; Dunn,2024,Can Chatbots Ever Provide More Social Connection Than Humans?,Collabra: Psychology,https://doi.org/10.1525/collabra.117083,0,2024,0,FALSE,NA
2474-7394,10.1525/collabra.128470,Sato; Gygax; Gabriel; Oakhill; Escasain,2025,"Does Inclusive Language Increase the Visibility of Women, or Does It Simply Decrease the Visibility of Men? A Missing Piece of the Inclusive Language Jigsaw",Collabra: Psychology,https://doi.org/10.1525/collabra.128470,0,2024,0,FALSE,NA
2474-7394,10.1525/collabra.67931,Nordmeyer; Frank,2023,Pragmatic Felicity Facilitates the Production and Comprehension of Negation,Collabra: Psychology,https://doi.org/10.1525/collabra.67931,0,2023,0,FALSE,NA
2474-7394,10.1525/collabra.186,Corbin; Crawford,2018,Biased by the Group: Memory for an Emotional Expression Biases Towards the Ensemble,Collabra: Psychology,https://doi.org/10.1525/collabra.186,7,2018,1,FALSE,NA
2474-7394,10.1525/collabra.73830,García Alanis; Strelow; Dort; Christiansen; Pinquart; Panitz,2023,"Expectation Violations, Expectation Change, and Expectation Persistence: The Scientific Landscape as Revealed by Bibliometric Network Analyses",Collabra: Psychology,https://doi.org/10.1525/collabra.73830,1,2023,0.5,FALSE,NA
2474-7394,10.1525/collabra.17799,Grosz; Harms; Dufner; Kraft; Wetzel,2020,Reducing the Overlap Between Machiavellianism and Subclinical Psychopathy: The M7 and P7 Scales,Collabra: Psychology,https://doi.org/10.1525/collabra.17799,13,2020,2.6,FALSE,NA
2474-7394,10.1525/collabra.73755,Nardelli; Rolland-Carlichi; Bortolon,2023,Emotion Regulation Choice and Psychosis Proneness: A Replication and Extension Study,Collabra: Psychology,https://doi.org/10.1525/collabra.73755,0,2023,0,FALSE,NA
2474-7394,10.1525/collabra.127671,Clark; Lindsay; Gilligan-Lee; de-Wit; Scott-Samuel; Azevedo; Pennington,2025,"Undergraduate Psychology Students’ Perceptions of Open Research: The Relationship Between Statistics Understanding, Attitudes, and Questionable Research Practices",Collabra: Psychology,https://doi.org/10.1525/collabra.127671,0,2024,0,FALSE,NA
2474-7394,10.1525/collabra.190,Hembacher; Frank,2020,The Early Parenting Attitudes Questionnaire: Measuring Intuitive Theories of Parenting and Child Development,Collabra: Psychology,https://doi.org/10.1525/collabra.190,9,2020,1.8,FALSE,NA
1939-0599,10.1037/dev0000712,Brod; Shing,2019,A boon and a bane: Comparing the effects of prior knowledge on memory across the lifespan.,Developmental Psychology,https://doi.org/10.1037/dev0000712,38,2019,6.33,FALSE,NA
0012-1649,10.1037/dev0001122.supp,NA,2020,Supplemental Material for The Dynamics of Interference Control Across Childhood and Adolescence: Distribution Analyses in Three Conflict Tasks and Ten Age Groups,Developmental Psychology,https://doi.org/10.1037/dev0001122.supp,0,2020,0,FALSE,NA
1939-0599,10.1037/dev0000374,Becht; Nelemans; Branje; Vollebergh; Koot; Meeus,2017,Identity uncertainty and commitment making across adolescence: Five-year within-person associations using daily identity reports.,Developmental Psychology,https://doi.org/10.1037/dev0000374,37,2017,4.63,FALSE,NA
1939-0599,10.1037/dev0001089,Brandes-Aitken; Braren; Gandhi; Perry; Rowe-Harriott; Blair,2020,Joint attention partially mediates the longitudinal relation between attuned caregiving and executive functions for low-income children.,Developmental Psychology,https://doi.org/10.1037/dev0001089,13,2020,2.6,FALSE,NA
0012-1649,10.1037/a0030978.supp,NA,2013,Supplemental Material for Developmental Changes in Impacts of an Antipoverty Experiment on Low-Income Children’s Structured Out-of-School Time,Developmental Psychology,https://doi.org/10.1037/a0030978.supp,0,2013,0,FALSE,NA
1939-0599,10.1037/dev0000135,Fosco; Van Ryzin; Xia; Feinberg,2016,Trajectories of adolescent hostile-aggressive behavior and family climate: Longitudinal implications for young adult romantic relationship competence.,Developmental Psychology,https://doi.org/10.1037/dev0000135,10,2016,1.11,FALSE,NA
0012-1649,10.1037/a0038562.supp,NA,2015,Supplemental Material for Nonresident Fatherhood and Adolescent Sexual Behavior: A Comparison of Siblings Approach,Developmental Psychology,https://doi.org/10.1037/a0038562.supp,0,2015,0,FALSE,NA
1939-0599,10.1037/dev0001239,Loh; Fintor; Nolden; Fels,2022,Children’s intentional switching of auditory selective attention in spatial and noisy acoustic environments in comparison to adults.,Developmental Psychology,https://doi.org/10.1037/dev0001239,3,2022,1,FALSE,NA
0012-1649,10.1037/dev0001563.supp,NA,2023,Supplemental Material for Inhibitory Control Predicts Growth in Irregular Word Reading: Evidence From a Large-Scale Longitudinal Study,Developmental Psychology,https://doi.org/10.1037/dev0001563.supp,0,2023,0,FALSE,NA
1939-0599,10.1037/a0018016,Livas-Dlott; Fuller; Stein; Bridges; Mangual Figueroa; Mireles,2010,"Commands, competence, and cariño: Maternal socialization practices in Mexican American families.",Developmental Psychology,https://doi.org/10.1037/a0018016,50,2010,3.33,FALSE,NA
1528-3542,10.1037/emo0000928.supp,NA,2021,Supplemental Material for Gratitude Facilitates Obedience: New Evidence for the Social Alignment Perspective,Emotion,https://doi.org/10.1037/emo0000928.supp,0,2021,0,FALSE,NA
1931-1516,10.1037/emo0000021,Tamir; Bigman; Rhodes; Salerno; Schreier,2015,"An expectancy-value model of emotion regulation: Implications for motivation, emotional experience, and decision making.",Emotion,https://doi.org/10.1037/emo0000021,89,2015,8.9,FALSE,NA
1931-1516,10.1037/emo0001057,Lee; Lim; Lee,2022,Sharing joy increases joy: Group membership modulates emotional perception of facial expressions.,Emotion,https://doi.org/10.1037/emo0001057,1,2022,0.33,FALSE,NA
1931-1516,10.1037/emo0000033,Stellar; John-Henderson; Anderson; Gordon; McNeil; Keltner,2015,Positive affect and markers of inflammation: Discrete positive emotions predict lower levels of inflammatory cytokines.,Emotion,https://doi.org/10.1037/emo0000033,189,2015,18.9,FALSE,NA
1931-1516,10.1037/emo0000267,Borges; Dahne; Lim; MacPherson,2017,Negative affect mediates the relation between trait urgency and behavioral distress tolerance.,Emotion,https://doi.org/10.1037/emo0000267,9,2017,1.13,FALSE,NA
1528-3542,10.1037/emo0000862.supp,NA,2022,Supplemental Material for Emotional Changes Following Discrimination Induction in Gender- and Sexuality-Diverse Adolescents,Emotion,https://doi.org/10.1037/emo0000862.supp,0,2022,0,FALSE,NA
1931-1516,10.1037/a0023578,Aviezer; Bentin; Dudarev; Hassin,2011,The automaticity of emotional face-context integration.,Emotion,https://doi.org/10.1037/a0023578,127,2011,9.07,FALSE,NA
1528-3542,10.1037/emo0001375.supp,NA,2024,Supplemental Material for The Development of a Novel Scale to Assess Intra- and Interpersonal Emotion Regulation Strategies: The Emotion Regulation Strategy Scale (ERSS),Emotion,https://doi.org/10.1037/emo0001375.supp,0,2024,0,FALSE,NA
1931-1516,10.1037/emo0000305,Stein; Grubb; Bertrand; Suh; Verosky,2017,No impact of affective person knowledge on visual awareness: Evidence from binocular rivalry and continuous flash suppression.,Emotion,https://doi.org/10.1037/emo0000305,16,2017,2,FALSE,NA
1528-3542,10.1037/emo0000475.supp,NA,2019,"Supplemental Material for When Facial Expressions Do and Do Not Signal Minds: The Role of Face Inversion, Expression Dynamism, and Emotion Type",Emotion,https://doi.org/10.1037/emo0000475.supp,0,2019,0,FALSE,NA
1939-1854,10.1037/0021-9010.92.5.1254,Miner-Rubino; Cortina,2007,Beyond targets: Consequences of vicarious exposure to misogyny at work.,Journal of Applied Psychology,https://doi.org/10.1037/0021-9010.92.5.1254,147,2007,8.17,FALSE,NA
1939-1854,10.1037/apl0000471,Aw; Ilies; De Pater,2020,"Dispositional empathy, emotional display authenticity, and employee outcomes.",Journal of Applied Psychology,https://doi.org/10.1037/apl0000471,23,2020,4.6,FALSE,NA
1939-1854,10.1037/0021-9010.93.1.140,Komar; Brown; Komar; Robie,2008,Faking and the validity of conscientiousness: A Monte Carlo investigation.,Journal of Applied Psychology,https://doi.org/10.1037/0021-9010.93.1.140,83,2008,4.88,FALSE,NA
1939-1854,10.1037/apl0000494,Sun; Li; Li; Liden; Li; Zhang,2021,"Unintended consequences of being proactive? Linking proactive personality to coworker envy, helping, and undermining, and the moderating role of prosocial motivation.",Journal of Applied Psychology,https://doi.org/10.1037/apl0000494,91,2021,22.75,FALSE,NA
1939-1854,10.1037/a0033656,Wang; Liu; Liao; Gong; Kammeyer-Mueller; Shi,2013,Can’t get it out of my mind: Employee rumination after customer mistreatment and negative mood in the next morning.,Journal of Applied Psychology,https://doi.org/10.1037/a0033656,252,2013,21,FALSE,NA
0021-9010,10.1037/apl0000519.supp,NA,2021,Supplemental Material for Referents or Role Models? The Self-Efficacy and Job Performance Effects of Perceiving Higher Performing Peers,Journal of Applied Psychology,https://doi.org/10.1037/apl0000519.supp,0,2021,0,FALSE,NA
1939-1854,10.1037/a0029022,Chi; Grandey; Diamond; Krimmel,2012,"""Want a tip? Service performance as a function of emotion regulation and extraversion"": Correction to Chi, Grandey, Diamond, and Krimmel (2011).",Journal of Applied Psychology,https://doi.org/10.1037/a0029022,0,2012,0,FALSE,NA
1939-1854,10.1037/apl0000039,Bezrukova; Spell; Caldwell; Burger,2016,A multilevel perspective on faultlines: Differentiating the effects between group- and organizational-level faultlines.,Journal of Applied Psychology,https://doi.org/10.1037/apl0000039,53,2016,5.89,FALSE,NA
1939-1854,10.1037/apl0001163,Nurmohamed; Schwingel-Sauer,2024,Beyond the first choice: The impact of being an alternate choice on social integration and feedback seeking.,Journal of Applied Psychology,https://doi.org/10.1037/apl0001163,0,2024,0,FALSE,NA
0021-9010,10.1037/apl0000962.supp,NA,2022,"Supplemental Material for Inclined but Less Skilled? Disentangling Extraversion, Communication Skill, and Leadership Emergence",Journal of Applied Psychology,https://doi.org/10.1037/apl0000962.supp,0,2022,0,FALSE,NA
1537-4416,10.1080/15374416.2023.2222405,Hogue; MacLean; Bobek; Dunnsue; Porter; Jensen-Doss; Henderson,2023,Training Community Therapists in Core Elements of CBT and Family Therapy for Adolescent Externalizing Problems,Journal of Clinical Child and Adolescent Psychology,https://doi.org/10.1080/15374416.2023.2222405,4,2023,2,FALSE,NA
1537-4416,10.1080/15374416.2012.654464,Fabiano; Pelham; Cunningham; Yu; Gangloff; Buck; Linke; Gormley; Gera,2012,A Waitlist-Controlled Trial of Behavioral Parent Training for Fathers of Children with ADHD,Journal of Clinical Child and Adolescent Psychology,https://doi.org/10.1080/15374416.2012.654464,67,2012,5.15,FALSE,NA
1537-4416,10.1080/15374416.2011.533406,Reynolds; MacPherson; Matusiewicz; Schreiber; Lejuez,2011,Discrepancy Between Mother and Child Reports of Parental Knowledge and the Relation to Risk Behavior Engagement,Journal of Clinical Child and Adolescent Psychology,https://doi.org/10.1080/15374416.2011.533406,56,2011,4,FALSE,NA
1537-4416,10.1080/15374416.2016.1197838,Erath; Su; Tu,2018,Electrodermal Reactivity Moderates the Prospective Association Between Peer Victimization and Depressive Symptoms in Early Adolescence,Journal of Clinical Child and Adolescent Psychology,https://doi.org/10.1080/15374416.2016.1197838,12,2018,1.71,FALSE,NA
1537-4416,10.1080/15374416.2013.873982,Rodríguez; Southam-Gerow; O'Connor; Allin,2014,An Analysis of Stakeholder Views on Children's Mental Health Services,Journal of Clinical Child and Adolescent Psychology,https://doi.org/10.1080/15374416.2013.873982,12,2014,1.09,FALSE,NA
1537-4416,10.1080/15374416.2016.1138411,Schrooten; Scholte; Cillessen; Hymel,2018,Participant Roles in Bullying Among Dutch Adolescents With Autism Spectrum Disorders,Journal of Clinical Child and Adolescent Psychology,https://doi.org/10.1080/15374416.2016.1138411,9,2018,1.29,FALSE,NA
1537-4416,10.1080/15374416.2015.1121823,Metz; Majdandžić; Bögels,2018,"Concurrent and Predictive Associations Between Infants’ and Toddlers’ Fearful Temperament, Coparenting, and Parental Anxiety Disorders",Journal of Clinical Child and Adolescent Psychology,https://doi.org/10.1080/15374416.2015.1121823,19,2018,2.71,FALSE,NA
1537-4416,10.1080/15374410902976379,Muris; Huijding; Mayer; Leemreis; Passchier; Bouwmeester,2009,The Effects of Verbal Disgust- and Threat-Related Information About Novel Animals on Disgust and Fear Beliefs and Avoidance in Children,Journal of Clinical Child and Adolescent Psychology,https://doi.org/10.1080/15374410902976379,19,2009,1.19,FALSE,NA
1537-4416,10.1080/15374416.2014.893518,Lansford; Sharma; Malone; Woodlief; Dodge; Oburu; Pastorelli; Skinner; Sorbring; Tapanya; Tirado; Zelli; Al-Hassan; Alampay; Bacchini; Bombi; Bornstein; Chang; Deater-Deckard; Di Giunta,2014,"Corporal Punishment, Maternal Warmth, and Child Adjustment: A Longitudinal Study in Eight Countries",Journal of Clinical Child and Adolescent Psychology,https://doi.org/10.1080/15374416.2014.893518,174,2014,15.82,FALSE,NA
1537-4416,10.1080/15374416.2020.1852943,Burns; Preszler; Becker,2022,Psychometric and Normative Information on the Child and Adolescent Behavior Inventory in a Nationally Representative Sample of United States Children,Journal of Clinical Child and Adolescent Psychology,https://doi.org/10.1080/15374416.2020.1852943,13,2022,4.33,FALSE,NA
1939-2117,10.1037/a0035536,Sergeant; Mongrain,2014,An online optimism intervention reduces depression in pessimistic individuals.,Journal of Consulting and Clinical Psychology,https://doi.org/10.1037/a0035536,55,2014,5,FALSE,NA
0022-006X,10.1037/a0014360.supp,NA,2009,"Supplemental Material for Trajectories of Resilience, Resistance, and Distress During Ongoing Terrorism: The Case of Jews and Arabs in Israel",Journal of Consulting and Clinical Psychology,https://doi.org/10.1037/a0014360.supp,0,2009,0,FALSE,NA
1939-2117,10.1037/a0028032,Meuret; Seidel; Rosenfield; Hofmann; Rosenfield,2012,Does fear reactivity during exposure predict panic symptom reduction?,Journal of Consulting and Clinical Psychology,https://doi.org/10.1037/a0028032,46,2012,3.54,FALSE,NA
1939-2117,10.1037/0022-006x.75.2.257,Ludman; Simon; Tutty; Von Korff,2007,A randomized trial of telephone psychotherapy and pharmacotherapy for depression: Continuation and durability of effects.,Journal of Consulting and Clinical Psychology,https://doi.org/10.1037/0022-006x.75.2.257,62,2007,3.44,FALSE,NA
1939-2117,10.1037/ccp0000780,Kühne; Heinze; Maaß; Weck,2022,Modeling in psychotherapy training: A randomized controlled proof-of-concept trial.,Journal of Consulting and Clinical Psychology,https://doi.org/10.1037/ccp0000780,5,2022,1.67,FALSE,NA
1939-2117,10.1037/ccp0000351,Segal; Anderson; Gulamani; Dinh Williams; Desormeau; Ferguson; Walsh; Farb,2019,Practice of therapy acquired regulatory skills and depressive relapse/recurrence prophylaxis following cognitive therapy or mindfulness based cognitive therapy.,Journal of Consulting and Clinical Psychology,https://doi.org/10.1037/ccp0000351,38,2019,6.33,FALSE,NA
0022-006X,10.1037/ccp0000898.supp,NA,2024,Supplemental Material for Reciprocal Relationships Between Posttraumatic Stress Disorder Symptoms and Positive and Negative Affect in Evidence-Based Treatments for Posttraumatic Stress Disorder,Journal of Consulting and Clinical Psychology,https://doi.org/10.1037/ccp0000898.supp,0,2024,0,FALSE,NA
1939-2117,10.1037/a0013254,Langer; Lawrence; Barry,2008,Using a vulnerability-stress-adaptation framework to predict physical aggression trajectories in newlywed marriage.,Journal of Consulting and Clinical Psychology,https://doi.org/10.1037/a0013254,51,2008,3,FALSE,NA
0022-006X,10.1037/ccp0000677.supp,NA,2021,Supplemental Material for Long-Term Cross-Over Effects of the Family Check-Up Prevention Program on Child and Adolescent Depression: Integrative Data Analysis of Three Randomized Trials,Journal of Consulting and Clinical Psychology,https://doi.org/10.1037/ccp0000677.supp,0,2021,0,FALSE,NA
1939-2117,10.1037/a0039359,Newman; Castonguay; Jacobson; Moore,2015,Adult attachment as a moderator of treatment outcome for generalized anxiety disorder: Comparison between cognitive–behavioral therapy (CBT) plus supportive listening and CBT plus interpersonal and emotional processing therapy.,Journal of Consulting and Clinical Psychology,https://doi.org/10.1037/a0039359,38,2015,3.8,FALSE,NA
0022-0965,10.1016/s0022-0965(11)00093-2,NA,2011,Cover 2: Editorial Board,Journal of Experimental Child Psychology,https://doi.org/10.1016/s0022-0965(11)00093-2,0,2011,0,FALSE,NA
0022-0965,10.1016/j.jecp.2014.11.001,Nayar; Franchak; Adolph; Kiorpes,2015,From local to global processing: The development of illusory contour perception,Journal of Experimental Child Psychology,https://doi.org/10.1016/j.jecp.2014.11.001,36,2015,3.6,FALSE,NA
0022-0965,10.1016/j.jecp.2012.06.008,Blake; Ganea; Harris,2012,"Possession is not always the law: With age, preschoolers increasingly use verbal information to identify who owns what",Journal of Experimental Child Psychology,https://doi.org/10.1016/j.jecp.2012.06.008,35,2012,2.69,FALSE,NA
0022-0965,10.1016/j.jecp.2020.105005,Zhang; Cao; Tian,2021,Effects of violent video games on players’ and observers’ aggressive cognitions and aggressive behaviors,Journal of Experimental Child Psychology,https://doi.org/10.1016/j.jecp.2020.105005,9,2021,2.25,FALSE,NA
0022-0965,10.1016/j.jecp.2011.02.002,Huang-Pollock; Maddox; Karalunas,2011,Development of implicit and explicit category learning,Journal of Experimental Child Psychology,https://doi.org/10.1016/j.jecp.2011.02.002,45,2011,3.21,FALSE,NA
0022-0965,10.1016/j.jecp.2017.06.014,Liu; Su; Xu; Pei,2018,When do you know what you know? The emergence of memory monitoring,Journal of Experimental Child Psychology,https://doi.org/10.1016/j.jecp.2017.06.014,7,2018,1,FALSE,NA
0022-0965,10.1016/j.jecp.2023.105628,Hunter; Markant,2023,6- to 10-year-old children do not show race-based orienting biases to faces during an online attention capture task,Journal of Experimental Child Psychology,https://doi.org/10.1016/j.jecp.2023.105628,1,2023,0.5,FALSE,NA
0022-0965,10.1016/j.jecp.2017.11.008,Thacker; Chambers; Graham,2018,When it is apt to adapt: Flexible reasoning guides children’s use of talker identity and disfluency cues,Journal of Experimental Child Psychology,https://doi.org/10.1016/j.jecp.2017.11.008,10,2018,1.43,FALSE,NA
0022-0965,10.1016/j.jecp.2007.06.004,Gilissen; Bakermans-Kranenburg; van IJzendoorn; van der Veer,2008,"Parent–child relationship, temperament, and physiological reactions to fear-inducing film clips: Further evidence for differential susceptibility",Journal of Experimental Child Psychology,https://doi.org/10.1016/j.jecp.2007.06.004,59,2008,3.47,FALSE,NA
0022-0965,10.1016/j.jecp.2016.06.012,Hardecker; Schmidt; Roden; Tomasello,2016,Young children’s behavioral and emotional responses to different social norm violations,Journal of Experimental Child Psychology,https://doi.org/10.1016/j.jecp.2016.06.012,49,2016,5.44,FALSE,NA
1939-2192,10.1037/xap0000518,Patel; Yang; Steyvers; Benjamin,2024,The metacognition of vigilance: Using self-scheduled breaks to improve sustained attention.,Journal of Experimental Psychology: Applied,https://doi.org/10.1037/xap0000518,0,2024,0,FALSE,NA
1076-898X,10.1037/a0031042.supp,NA,2012,Supplemental Material for The Role of Visual Speech Information in Supporting Perceptual Learning of Degraded Speech,Journal of Experimental Psychology: Applied,https://doi.org/10.1037/a0031042.supp,0,2012,0,FALSE,NA
1939-2192,10.1037/xap0000451,Inbar; Waldhof,2023,Mitigating consequence insensitivity for genetically engineered crops.,Journal of Experimental Psychology: Applied,https://doi.org/10.1037/xap0000451,2,2023,1,FALSE,NA
1939-2192,10.1037/xap0000516,Wang; Shen; Cheng; Xie,2024,From surviving to thriving: How preferences shift in helping resource allocation.,Journal of Experimental Psychology: Applied,https://doi.org/10.1037/xap0000516,0,2024,0,FALSE,NA
1939-2192,10.1037/xap0000512,Warden; Wickens; Clegg; Ortega,2024,Quantitative effects of overlay clutter and information access effort: Examining the scan-clutter trade-off in displays with geospatial maps.,Journal of Experimental Psychology: Applied,https://doi.org/10.1037/xap0000512,0,2024,0,FALSE,NA
1939-2192,10.1037/xap0000428,Brand; Meyerhoff; Holl; Scholl,2023,When linguistic uncertainty spreads across pieces of information: Remembering facts on the news as speculation.,Journal of Experimental Psychology: Applied,https://doi.org/10.1037/xap0000428,0,2023,0,FALSE,NA
1939-2192,10.1037/xap0000351,Koc; Gulseren; Lyubykh,2021,Masculinity contest culture reduces organizational citizenship behaviors through decreased organizational identification.,Journal of Experimental Psychology: Applied,https://doi.org/10.1037/xap0000351,10,2021,2.5,FALSE,NA
1076-898X,10.1037/xap0000438.supp,NA,2022,Supplemental Material for Preference for Experiences: Regulatory Focus and the Trade-Offs Between Experiential and Material Purchases,Journal of Experimental Psychology: Applied,https://doi.org/10.1037/xap0000438.supp,0,2022,0,FALSE,NA
1939-2192,10.1037/xap0000374,Garfin; Fischhoff; Holman; Silver,2021,Risk perceptions and health behaviors as COVID-19 emerged in the United States: Results from a probability-based nationally representative sample.,Journal of Experimental Psychology: Applied,https://doi.org/10.1037/xap0000374,35,2021,8.75,FALSE,NA
1939-2192,10.1037/xap0000369,Meagher; McDaniel; Nosofsky,2022,Effects of feature highlighting and causal explanations on category learning in a natural-science domain.,Journal of Experimental Psychology: Applied,https://doi.org/10.1037/xap0000369,2,2022,0.67,FALSE,NA
1939-2222,10.1037/xge0000128,Fawcett; Lawrence; Taylor,2016,The representational consequences of intentional forgetting: Impairments to both the probability and fidelity of long-term memory.,Journal of Experimental Psychology: General,https://doi.org/10.1037/xge0000128,52,2016,5.78,FALSE,NA
0096-3445,10.1037/xge0001171.supp,NA,2022,Supplemental Material for The Speed of Stories: Semantic Progression and Narrative Success,Journal of Experimental Psychology: General,https://doi.org/10.1037/xge0001171.supp,0,2022,0,FALSE,NA
1939-2222,10.1037/xge0000706,Scheerer; Jacobson; Jones,2020,Sensorimotor control of vocal production in early childhood.,Journal of Experimental Psychology: General,https://doi.org/10.1037/xge0000706,5,2020,1,FALSE,NA
0096-3445,10.1037/xge0000513.supp,NA,2019,Supplemental Material for Multisensory Perceptual Interactions Between Higher-Order Temporal Frequency Signals,Journal of Experimental Psychology: General,https://doi.org/10.1037/xge0000513.supp,0,2019,0,FALSE,NA
1939-2222,10.1037/xge0001205,NA,2022,"""Reflecting on identity change facilitates confession of past misdeeds"": Correction.",Journal of Experimental Psychology: General,https://doi.org/10.1037/xge0001205,0,2022,0,FALSE,NA
1939-2222,10.1037/xge0001179,Ghasemi; Handley; Howarth; Newman; Thompson,2022,Logical intuition is not really about logic.,Journal of Experimental Psychology: General,https://doi.org/10.1037/xge0001179,14,2022,4.67,FALSE,NA
1939-2222,10.1037/xge0000534,Roberts; Ho; Gelman,2019,The role of group norms in evaluating uncommon and negative behaviors.,Journal of Experimental Psychology: General,https://doi.org/10.1037/xge0000534,28,2019,4.67,FALSE,NA
1939-2222,10.1037/xge0001377,Larrouy-Maestri; Kegel; Schlotz; van Rijn; Menninghaus; Poeppel,2023,Ironic twists of sentence meaning can be signaled by forward move of prosodic stress.,Journal of Experimental Psychology: General,https://doi.org/10.1037/xge0001377,3,2023,1.5,FALSE,NA
1939-2222,10.1037/xge0000597,Shanks; Vadillo,2019,"Still no evidence that risk-taking and consumer choices can be primed by mating motives: Reply to Sundie, Beal, Neuberg, and Kenrick (2019).",Journal of Experimental Psychology: General,https://doi.org/10.1037/xge0000597,3,2019,0.5,FALSE,NA
0096-3445,10.1037/xge0001526.supp,NA,2024,Supplemental Material for Weaker Semantic Priming Effects With Number Words in the Second Language of Math Learning,Journal of Experimental Psychology: General,https://doi.org/10.1037/xge0001526.supp,0,2024,0,FALSE,NA
1939-1277,10.1037/xhp0000628,Searston; Thompson; Vokey; French; Tangen,2019,How low can you go? Detecting style in extremely low resolution images.,Journal of Experimental Psychology: Human Perception and Performance,https://doi.org/10.1037/xhp0000628,4,2019,0.67,FALSE,NA
0096-1523,10.1037/xhp0000624.supp,NA,2019,Supplemental Material for Contrasting Episodic and Template-Based Guidance During Search Through Natural Scenes,Journal of Experimental Psychology: Human Perception and Performance,https://doi.org/10.1037/xhp0000624.supp,0,2019,0,FALSE,NA
1939-1277,10.1037/xhp0000339,Livingstone; Christie; Wright; McDonald,2017,"Signal enhancement, not active suppression, follows the contingent capture of visual attention.",Journal of Experimental Psychology: Human Perception and Performance,https://doi.org/10.1037/xhp0000339,22,2017,2.75,FALSE,NA
1939-1277,10.1037/a0011633,Yates; Friend; Ploetz,2008,Phonological neighbors influence word naming through the least supported phoneme.,Journal of Experimental Psychology: Human Perception and Performance,https://doi.org/10.1037/a0011633,5,2008,0.29,FALSE,NA
1939-1277,10.1037/xhp0000319,Conway; Lee; Ojaghi; Catmur; Bird,2017,Submentalizing or mentalizing in a Level 1 perspective-taking task: A cloak and goggles test.,Journal of Experimental Psychology: Human Perception and Performance,https://doi.org/10.1037/xhp0000319,49,2017,6.13,FALSE,NA
1939-1277,10.1037/xhp0001222,Kroczek; Roßkopf; Stärz; Blau; van de Par; Mühlberger,2024,The influence of affective voice on sound distance perception.,Journal of Experimental Psychology: Human Perception and Performance,https://doi.org/10.1037/xhp0001222,0,2024,0,FALSE,NA
0096-1523,10.1037/xhp0001017.supp,NA,2022,Supplemental Material for The Power of the Self: Anchoring Information Processing Across Contexts,Journal of Experimental Psychology: Human Perception and Performance,https://doi.org/10.1037/xhp0001017.supp,0,2022,0,FALSE,NA
0096-1523,10.1037/xhp0000526.supp,NA,2018,Supplemental Material for Who Gains More: Experts or Novices? The Benefits of Interaction Under Numerical Uncertainty,Journal of Experimental Psychology: Human Perception and Performance,https://doi.org/10.1037/xhp0000526.supp,0,2018,0,FALSE,NA
1939-1277,10.1037/0096-1523.34.3.556,Jackson; Raymond,2008,Familiarity enhances visual working memory for faces.,Journal of Experimental Psychology: Human Perception and Performance,https://doi.org/10.1037/0096-1523.34.3.556,75,2008,4.41,FALSE,NA
0096-1523,10.1037/xhp0000582.supp,NA,2019,"Supplemental Material for Perceiving Faces: Too Much, Too Fast?—Face Specificity in Response Caution",Journal of Experimental Psychology: Human Perception and Performance,https://doi.org/10.1037/xhp0000582.supp,0,2019,0,FALSE,NA
1939-1285,10.1037/a0017518,Hilbig; Erdfelder; Pohl,2010,One-reason decision making unveiled: A measurement model of the recognition heuristic.,"Journal of Experimental Psychology: Learning, Memory, and Cognition",https://doi.org/10.1037/a0017518,22,2010,1.47,FALSE,NA
1939-1285,10.1037/xlm0000805,Jesse,2021,Sentence context guides phonetic retuning to speaker idiosyncrasies.,"Journal of Experimental Psychology: Learning, Memory, and Cognition",https://doi.org/10.1037/xlm0000805,7,2021,1.75,FALSE,NA
0278-7393,10.1037/xlm0000442.supp,NA,2018,Supplemental Material for Individual Variability in the Semantic Processing of English Compound Words,"Journal of Experimental Psychology: Learning, Memory, and Cognition",https://doi.org/10.1037/xlm0000442.supp,0,2018,0,FALSE,NA
1939-1285,10.1037/xlm0000994,Kreiner; Gamliel,2022,Framing fake news: Asymmetric attribute-framing bias for favorable and unfavorable outcomes.,"Journal of Experimental Psychology: Learning, Memory, and Cognition",https://doi.org/10.1037/xlm0000994,1,2022,0.33,FALSE,NA
1939-1285,10.1037/xlm0001433,McDonald; Zamuner,2025,The relationship between language experience variables and the time course of spoken word recognition.,"Journal of Experimental Psychology: Learning, Memory, and Cognition",https://doi.org/10.1037/xlm0001433,0,2024,0,FALSE,NA
1939-1285,10.1037/a0028073,Renkewitz; Jahn,2012,Memory indexing: A novel method for tracing memory processes in complex cognitive tasks.,"Journal of Experimental Psychology: Learning, Memory, and Cognition",https://doi.org/10.1037/a0028073,15,2012,1.15,FALSE,NA
1939-1285,10.1037/xlm0000228,Crawford; Landy; Salthouse,2016,Spatial working memory capacity predicts bias in estimates of location.,"Journal of Experimental Psychology: Learning, Memory, and Cognition",https://doi.org/10.1037/xlm0000228,16,2016,1.78,FALSE,NA
0278-7393,10.1037/xlm0001368.supp,NA,2024,Supplemental Material for Phonological Networks and Systematicity in Early Lexical Acquisition,"Journal of Experimental Psychology: Learning, Memory, and Cognition",https://doi.org/10.1037/xlm0001368.supp,0,2024,0,FALSE,NA
1939-1285,10.1037/xlm0000340,Carpenter; Schacter,2017,Flexible retrieval: When true inferences produce false memories.,"Journal of Experimental Psychology: Learning, Memory, and Cognition",https://doi.org/10.1037/xlm0000340,45,2017,5.63,FALSE,NA
1939-1285,10.1037/xlm0001098,Bürki; Madec,2022,Picture-word interference in language production studies: Exploring the roles of attention and processing times.,"Journal of Experimental Psychology: Learning, Memory, and Cognition",https://doi.org/10.1037/xlm0001098,4,2022,1.33,FALSE,NA
0022-1031,10.1016/j.jesp.2012.09.002,vanDellen; Sanders; Fitzsimons,2013,Corrigendum to “When local processing increases the appeal of healthy options” [Journal of Experimental Social Psychology 48 (2012) 1100–1105],Journal of Experimental Social Psychology,https://doi.org/10.1016/j.jesp.2012.09.002,0,2013,0,FALSE,NA
0022-1031,10.1016/j.jesp.2010.11.005,Forgas,2011,Can negative affect eliminate the power of first impressions? Affective influences on primacy and recency effects in impression formation,Journal of Experimental Social Psychology,https://doi.org/10.1016/j.jesp.2010.11.005,72,2011,5.14,FALSE,NA
0022-1031,10.1016/j.jesp.2020.103991,Vorauer; Petsnik; Quesnel,2020,Who brings you up when you're feeling down? Distinct implications of dispositional empathy versus situationally-prompted empathic mindsets for targets' affective experience in face-to-face interpersonal interaction,Journal of Experimental Social Psychology,https://doi.org/10.1016/j.jesp.2020.103991,4,2020,0.8,FALSE,NA
0022-1031,10.1016/s0022-1031(17)30097-5,NA,2017,Editorial Board,Journal of Experimental Social Psychology,https://doi.org/10.1016/s0022-1031(17)30097-5,0,2017,0,FALSE,NA
0022-1031,10.1016/j.jesp.2022.104375,Fernández; Gaviria; Halperin; Agudo; González-Puerto; Chas-Villar; Saguy,2022,The protective effect of agency on victims of humiliation,Journal of Experimental Social Psychology,https://doi.org/10.1016/j.jesp.2022.104375,3,2022,1,FALSE,NA
0022-1031,10.1016/j.jesp.2007.01.008,Burkley; Blanton,2008,Endorsing a negative in-group stereotype as a self-protective strategy: Sacrificing the group to save the self,Journal of Experimental Social Psychology,https://doi.org/10.1016/j.jesp.2007.01.008,36,2008,2.12,FALSE,NA
0022-1031,10.1016/j.jesp.2012.10.009,Whitson; Liljenquist; Galinsky; Magee; Gruenfeld; Cadena,2013,The blind leading: Power reduces awareness of constraints,Journal of Experimental Social Psychology,https://doi.org/10.1016/j.jesp.2012.10.009,43,2013,3.58,FALSE,NA
0022-1031,10.1016/j.jesp.2010.10.016,Buck; Plant,2011,Interorientation interactions and impressions: Does the timing of disclosure of sexual orientation matter?,Journal of Experimental Social Psychology,https://doi.org/10.1016/j.jesp.2010.10.016,16,2011,1.14,FALSE,NA
0022-1031,10.1016/j.jesp.2018.05.002,Chen; Pauker; Gaither; Hamilton; Sherman,2018,Black + White = Not White: A minority bias in categorizations of Black-White multiracials,Journal of Experimental Social Psychology,https://doi.org/10.1016/j.jesp.2018.05.002,42,2018,6,FALSE,NA
0022-1031,10.1016/j.jesp.2017.01.002,Luan; Li,2017,Good enough—compromise between desirability and feasibility: An alternative perspective on satisficing,Journal of Experimental Social Psychology,https://doi.org/10.1016/j.jesp.2017.01.002,29,2017,3.63,FALSE,NA
0749-596X,10.1016/j.jml.2022.104374,Kumarage; Donnelly; Kidd,2022,Implicit learning of structure across time: A longitudinal investigation of syntactic priming in young English-acquiring children,Journal of Memory and Language,https://doi.org/10.1016/j.jml.2022.104374,10,2022,3.33,FALSE,NA
0749-596X,10.1016/j.jml.2009.11.004,Zimmerman; Kelley,2010,“I’ll remember this!” Effects of emotionality on memory predictions versus memory performance,Journal of Memory and Language,https://doi.org/10.1016/j.jml.2009.11.004,90,2010,6,FALSE,NA
0749-596X,10.1016/j.jml.2018.03.005,Kowialiewski; Majerus,2018,The non-strategic nature of linguistic long-term memory effects in verbal short-term memory,Journal of Memory and Language,https://doi.org/10.1016/j.jml.2018.03.005,25,2018,3.57,FALSE,NA
0749-596X,10.1016/j.jml.2018.05.002,Arnold; Strangmann; Hwang; Zerkle; Nappa,2018,Linguistic experience affects pronoun interpretation,Journal of Memory and Language,https://doi.org/10.1016/j.jml.2018.05.002,28,2018,4,FALSE,NA
0749-596X,10.1016/j.jml.2020.104111,Troyer; Kutas,2020,To catch a Snitch: Brain potentials reveal variability in the functional organization of (fictional) world knowledge during reading,Journal of Memory and Language,https://doi.org/10.1016/j.jml.2020.104111,11,2020,2.2,FALSE,NA
0749-596X,10.1016/s0749-596x(21)00020-6,NA,2021,Editorial Board,Journal of Memory and Language,https://doi.org/10.1016/s0749-596x(21)00020-6,0,2021,0,FALSE,NA
0749-596X,10.1016/j.jml.2023.104471,Wixted,2024,Atkinson and Shiffrin’s (1968) influential model overshadowed their contemporary theory of human memory,Journal of Memory and Language,https://doi.org/10.1016/j.jml.2023.104471,0,2024,0,FALSE,NA
0749-596X,10.1016/j.jml.2006.09.004,KARPICKE; ROEDIGERIII,2007,Repeated retrieval during learning is the key to long-term retention☆,Journal of Memory and Language,https://doi.org/10.1016/j.jml.2006.09.004,324,2007,18,FALSE,NA
0749-596X,10.1016/j.jml.2014.01.003,Perry; Ziegler; Zorzi,2014,When silent letters say more than a thousand words: An implementation and evaluation of CDP++ in French,Journal of Memory and Language,https://doi.org/10.1016/j.jml.2014.01.003,23,2014,2.09,FALSE,NA
0749-596X,10.1016/j.jml.2013.10.004,Mather; Jones; Estes,2014,Priming by relational integration in perceptual identification and Stroop colour naming,Journal of Memory and Language,https://doi.org/10.1016/j.jml.2013.10.004,6,2014,0.55,FALSE,NA
0894-3796,10.1002/job.1917,Lyons; Wessel; Ghumman; Ryan; Kim,2014,Applying models of employee identity management across cultures: Christianity in the USA and South Korea,Journal of Organizational Behavior,https://doi.org/10.1002/job.1917,17,2014,1.55,FALSE,NA
0894-3796,10.1002/job.2500,Hora; Lemoine; Xu; Shalley,2021,Unlocking and closing the gender gap in creative performance: A multilevel model,Journal of Organizational Behavior,https://doi.org/10.1002/job.2500,28,2021,7,FALSE,NA
0894-3796,10.1002/job.1782,Konrad; Yang,2012,"Is using work–life interface benefits a career‐limiting move? An examination of women, men, lone parents, and parents with partners",Journal of Organizational Behavior,https://doi.org/10.1002/job.1782,35,2012,2.69,FALSE,NA
0894-3796,10.1002/job.2731,Ward‐Bartlett; Ravlin; Park,2023,How genuine is your diversity climate? A new typology highlighting the emergence of specious diversity climates,Journal of Organizational Behavior,https://doi.org/10.1002/job.2731,0,2023,0,FALSE,NA
0894-3796,10.1002/job.2644,Wehrt; Casper; Sonnentag,2022,"More than a muscle: How self‐control motivation, depletion, and self‐regulation strategies impact task performance",Journal of Organizational Behavior,https://doi.org/10.1002/job.2644,8,2022,2.67,FALSE,NA
0894-3796,10.1002/job.724,Yang; Konrad,2011,Diversity and organizational innovation: The role of employee involvement,Journal of Organizational Behavior,https://doi.org/10.1002/job.724,89,2011,6.36,FALSE,NA
0894-3796,10.1002/job.742,Neal; Yeo; Koy; Xiao,2012,Predicting the form and direction of work role performance from the Big 5 model of personality traits,Journal of Organizational Behavior,https://doi.org/10.1002/job.742,92,2012,7.08,FALSE,NA
0894-3796,10.1002/job.2200,Byza; Schuh; Dörr; Spörrle; Maier,2017,Are two cynics better than one? Toward understanding effects of leader-follower (in-)congruence in social cynicism,Journal of Organizational Behavior,https://doi.org/10.1002/job.2200,30,2017,3.75,FALSE,NA
0894-3796,10.1002/job.469,Van de Vliert; Van Yperen; Thierry,2008,Are wages more important for employees in poorer countries with harsher climates?,Journal of Organizational Behavior,https://doi.org/10.1002/job.469,13,2008,0.76,FALSE,NA
0894-3796,10.1002/job.779,Zhou; Hirst; Shipton,2012,Context matters: Combined influence of participation and intellectual stimulation on the promotion focus–employee creativity relationship,Journal of Organizational Behavior,https://doi.org/10.1002/job.779,70,2012,5.38,FALSE,NA
1939-1315,10.1037/pspp0000198,Buttrick; Choi; Wilson; Oishi; Boker; Gilbert; Alper; Aveyard; Cheong; Čolić; Dalgar; Doğulu; Karabati; Kim; Knežević; Komiya; Laclé; Ambrosio Lage; Lazarević; Lazarević; Lins; Blanco Molina; Neto; Orlić; Petrović; Arroyo Sibaja; Torres Fernández; Vanpaemel; Voorspoels; Wilks,2019,Cross-cultural consistency and relativity in the enjoyment of thinking versus doing.,Journal of Personality and Social Psychology,https://doi.org/10.1037/pspp0000198,15,2019,2.5,FALSE,NA
1939-1315,10.1037/a0032703,Lee; Gregg; Park,2013,The person in the purchase: Narcissistic consumers prefer products that positively distinguish them.,Journal of Personality and Social Psychology,https://doi.org/10.1037/a0032703,78,2013,6.5,FALSE,NA
1939-1315,10.1037/pspp0000243,Atherton; Lawson; Ferrer; Robins,2020,"The role of effortful control in the development of ADHD, ODD, and CD symptoms.",Journal of Personality and Social Psychology,https://doi.org/10.1037/pspp0000243,22,2020,4.4,FALSE,NA
1939-1315,10.1037/a0024290,George; Helson; John,2011,"The “CEO” of women's work lives: How Big Five Conscientiousness, Extraversion, and Openness predict 50 years of work experiences in a changing sociocultural context.",Journal of Personality and Social Psychology,https://doi.org/10.1037/a0024290,36,2011,2.57,FALSE,NA
1939-1315,10.1037/pspa0000372,NA,2024,Correction to Hsee et al. (2023).,Journal of Personality and Social Psychology,https://doi.org/10.1037/pspa0000372,1,2024,1,FALSE,NA
1939-1315,10.1037/a0026272,Shepherd; Kay,2012,"On the perpetuation of ignorance: System dependence, system justification, and the motivated avoidance of sociopolitical information.",Journal of Personality and Social Psychology,https://doi.org/10.1037/a0026272,113,2012,8.69,FALSE,NA
0022-3514,10.1037/pspi0000369.supp,NA,2022,Supplemental Material for A Threatening Opportunity: The Prospect of Conversations About Race-Related Experiences Between Black and White Friends,Journal of Personality and Social Psychology,https://doi.org/10.1037/pspi0000369.supp,0,2022,0,FALSE,NA
0022-3514,10.1037/pspi0000416.supp,NA,2023,Supplemental Material for The Disempowering Implications for Members of Marginalized Groups of Imposing a Focus on Personal Experiences in Discussions of Intergroup Issues,Journal of Personality and Social Psychology,https://doi.org/10.1037/pspi0000416.supp,0,2023,0,FALSE,NA
0022-3514,10.1037/pspa0000063.supp,NA,2016,Supplemental Material for Tracking and Simulating Dynamics of Implicit Stereotypes: A Situated Social Cognition Perspective,Journal of Personality and Social Psychology,https://doi.org/10.1037/pspa0000063.supp,0,2016,0,FALSE,NA
0022-3514,10.1037/pspa0000321.supp,NA,2023,Supplemental Material for Ending on a Familiar Note: Perceived Endings Motivate Repeat Consumption,Journal of Personality and Social Psychology,https://doi.org/10.1037/pspa0000321.supp,0,2023,0,FALSE,NA
0882-2689,10.1007/s10862-007-9047-z,Mitchell; Zvolensky; Marshall; Bonn-Miller; Vujanovic,2007,Incremental Validity of Coping-oriented Marijuana Use Motives in the Prediction of Affect-based Psychological Vulnerability,Journal of Psychopathology and Behavioral Assessment,https://doi.org/10.1007/s10862-007-9047-z,22,2007,1.22,FALSE,NA
0882-2689,10.1007/s10862-018-9677-3,Ros; Gregg; Hart; Graziano,2018,The Association between Self-Regulation and Symptoms of Autism Spectrum Disorder in Preschoolers with Externalizing Behavior Problems,Journal of Psychopathology and Behavioral Assessment,https://doi.org/10.1007/s10862-018-9677-3,4,2018,0.57,FALSE,NA
0882-2689,10.1007/s10862-009-9139-z,Hommersen; Johnston,2010,Separation Anxiety and Oppositional Defiant Behavior: Perceived Comorbidity Resulting from Ambiguous Behavioral Items,Journal of Psychopathology and Behavioral Assessment,https://doi.org/10.1007/s10862-009-9139-z,3,2010,0.2,FALSE,NA
0882-2689,10.1007/s10862-014-9414-5,Bullock; Corlass-Brown; Murray,2014,Eveningness and Seasonality are Associated with the Bipolar Disorder Vulnerability Trait,Journal of Psychopathology and Behavioral Assessment,https://doi.org/10.1007/s10862-014-9414-5,12,2014,1.09,FALSE,NA
0882-2689,10.1007/s10862-012-9281-x,Salari; Terreros; Sarkadi,2012,Parenting Scale: Which Version Should We Use?,Journal of Psychopathology and Behavioral Assessment,https://doi.org/10.1007/s10862-012-9281-x,31,2012,2.38,FALSE,NA
0882-2689,10.1007/s10862-019-09782-7,Lapalme; Bégin; Le Corff; Déry,2020,"Comparison of Discriminant Validity Indices of Parent, Teacher, and Multi-Informant Reports of Behavioral Problems in Elementary Schoolers",Journal of Psychopathology and Behavioral Assessment,https://doi.org/10.1007/s10862-019-09782-7,19,2020,3.8,FALSE,NA
0882-2689,10.1007/s10862-025-10196-x,Hilt; Vachhani; Vaghasia; Swords; Sage,2025,Brief App-Based Mood Monitoring and Mindfulness Intervention for First-Year College Students: A Randomized Controlled Trial,Journal of Psychopathology and Behavioral Assessment,https://doi.org/10.1007/s10862-025-10196-x,0,2024,0,FALSE,NA
0882-2689,10.1007/s10862-024-10152-1,Robinson; Finley; Phillips; Ulrich; Cerny; Ovsiew; Pliskin; Soble,2024,Examining Concordance Between the Clinical Assessment of Attention Deficit-Adult and the Barkley Adult ADHD Rating Scale-IV in a Sample of Adults Referred for ADHD,Journal of Psychopathology and Behavioral Assessment,https://doi.org/10.1007/s10862-024-10152-1,1,2024,1,FALSE,NA
0882-2689,10.1007/s10862-023-10037-9,Sajjadi; Emadi; Shameli; Gross; Zargar; Sellbom,2023,Psychopathy in Iran: Developing and Validating a Persian Version of the Comprehensive Assessment of Psychopathic Personality- Self-Report (CAPP-SR),Journal of Psychopathology and Behavioral Assessment,https://doi.org/10.1007/s10862-023-10037-9,3,2023,1.5,FALSE,NA
0882-2689,10.1007/s10862-017-9630-x,Hirschmann; Kastner-Koller; Deimann; Schmelzer; Pietschnig,2018,Reliable and Valid Coding of Thin Slices of Video Footage: Applicability to the Assessment of Mother-Child Interactions,Journal of Psychopathology and Behavioral Assessment,https://doi.org/10.1007/s10862-017-9630-x,10,2018,1.43,FALSE,NA
0092-6566,10.1016/j.jrp.2024.104466,Junkins; Pantin; Derringer,2024,Personality across diverse sexual orientations and gender identities in an online convenience sample,Journal of Research in Personality,https://doi.org/10.1016/j.jrp.2024.104466,3,2024,3,FALSE,NA
0092-6566,10.1016/j.jrp.2010.01.007,Egberink; Meijer; Veldkamp,2010,Conscientiousness in the workplace: Applying mixture IRT to investigate scalability and predictive validity,Journal of Research in Personality,https://doi.org/10.1016/j.jrp.2010.01.007,18,2010,1.2,FALSE,NA
0092-6566,10.1016/j.jrp.2019.103845,Helm; Lifshin; Chau; Greenberg,2019,Existential isolation and death thought accessibility,Journal of Research in Personality,https://doi.org/10.1016/j.jrp.2019.103845,20,2019,3.33,FALSE,NA
0092-6566,10.1016/j.jrp.2016.06.011,Sadikaj; Moskowitz; Zuroff,2017,Intrapersonal variability in interpersonal perception in romantic relationships: Biases and accuracy,Journal of Research in Personality,https://doi.org/10.1016/j.jrp.2016.06.011,9,2017,1.13,FALSE,NA
0092-6566,10.1016/j.jrp.2023.104351,Ścigała; Arkoudi; Schild; Pfattheicher; Zettler,2023,The relation between Honesty-Humility and moral concerns as expressed in language,Journal of Research in Personality,https://doi.org/10.1016/j.jrp.2023.104351,1,2023,0.5,FALSE,NA
0092-6566,10.1016/j.jrp.2012.01.008,Collins; Gillath,2012,"Attachment, breakup strategies, and associated outcomes: The effects of security enhancement on the selection of breakup strategies",Journal of Research in Personality,https://doi.org/10.1016/j.jrp.2012.01.008,61,2012,4.69,FALSE,NA
0092-6566,10.1016/j.jrp.2014.03.002,Atherton; Robins; Rentfrow; Lamb,2014,Personality correlates of risky health outcomes: Findings from a large Internet study,Journal of Research in Personality,https://doi.org/10.1016/j.jrp.2014.03.002,45,2014,4.09,FALSE,NA
0092-6566,10.1016/j.jrp.2021.104124,Lazarević; Bjekić; Knežević,2021,Multitrait Multimethod validation of Implicit Association Test as a measure of individual differences in personality: Is there personality at all?,Journal of Research in Personality,https://doi.org/10.1016/j.jrp.2021.104124,2,2021,0.5,FALSE,NA
0092-6566,10.1016/j.jrp.2024.104473,Pfund; Burrow; Hill,2024,Purpose in daily life: Considering within-person sense of purpose variability,Journal of Research in Personality,https://doi.org/10.1016/j.jrp.2024.104473,4,2024,4,FALSE,NA
0092-6566,10.1016/j.jrp.2024.104472,Zawadzki; Hojjaty; Guilas; Song,2024,For whom is mind wandering stressful: The moderating role of dispositional emotionality and personality in predicting emotional experiences in everyday life,Journal of Research in Personality,https://doi.org/10.1016/j.jrp.2024.104472,1,2024,1,FALSE,NA
1050-8392,10.1111/jora.12918,Shi; Fan; Wang,2024,Scrutinizing parental minimization reactions to adolescents' negative emotions through the lens of Chinese culture,Journal of Research on Adolescence,https://doi.org/10.1111/jora.12918,2,2024,2,FALSE,NA
1050-8392,10.1111/jora.12725,May; Seider; El‐Amin; Diaz; Graves,2022,Black and Latinx Adolescents’ Developing Commitment to Antiracist Activism Over Four Years of High School,Journal of Research on Adolescence,https://doi.org/10.1111/jora.12725,7,2022,2.33,FALSE,NA
1050-8392,10.1111/jora.12844,Kaufman; Lessard; Watson,2023,Heterogenous associations between Gender‐Sexuality Alliances and LGBTQ adolescents' maladjustment across individual victimization level,Journal of Research on Adolescence,https://doi.org/10.1111/jora.12844,1,2023,0.5,FALSE,NA
1050-8392,10.1111/jora.12485,Bañales; Marchand; Skinner; Anyiwo; Rowley; Kurtz‐Costes,2020,Black Adolescents’ Critical Reflection Development: Parents’ Racial Socialization and Attributions About Race Achievement Gaps,Journal of Research on Adolescence,https://doi.org/10.1111/jora.12485,55,2020,11,FALSE,NA
1050-8392,10.1111/j.1532-7795.2008.00568.x,Neblett; White; Ford; Philip; Nguyên; Sellers,2008,Patterns of Racial Socialization and Psychological Adjustment: Can Parental Communications About Race Reduce the Impact of Racial Discrimination?,Journal of Research on Adolescence,https://doi.org/10.1111/j.1532-7795.2008.00568.x,197,2008,11.59,FALSE,NA
1050-8392,10.1111/jora.12374,Jernigan; Brown; Dowling,2018,The Adolescent Brain Cognitive Development Study,Journal of Research on Adolescence,https://doi.org/10.1111/jora.12374,122,2018,17.43,FALSE,NA
1050-8392,10.1111/jora.12513,NA,2020,Issue Information,Journal of Research on Adolescence,https://doi.org/10.1111/jora.12513,1,2020,0.2,FALSE,NA
1050-8392,10.1111/jora.12793,Muñiz; Marshall,2022,"White Kids on the Block: On Race, Identity and Criminality Among Incarcerated White Youth",Journal of Research on Adolescence,https://doi.org/10.1111/jora.12793,3,2022,1,FALSE,NA
1050-8392,10.1111/jora.12484,Siennick; Picon,2020,Adolescent Internalizing Symptoms and the “Tightknittedness” of Friendship Groups,Journal of Research on Adolescence,https://doi.org/10.1111/jora.12484,0,2020,0,FALSE,NA
1050-8392,10.1111/jora.12346,Farrell; Goncy; Sullivan; Thompson,2018,"Victimization, Aggression, and Other Problem Behaviors: Trajectories of Change Within and Across Middle School Grades",Journal of Research on Adolescence,https://doi.org/10.1111/jora.12346,10,2018,1.43,FALSE,NA
0090-502X,10.3758/mc.37.3.316,Toppino; Fearnow-Kenney; Kiepert; Teremula,2009,The spacing effect in intentional and incidental free recall by children and adults: Limits on the automaticity hypothesis,Memory and Cognition,https://doi.org/10.3758/mc.37.3.316,17,2009,1.06,FALSE,NA
0090-502X,10.3758/s13421-018-0842-4,Tullis,2018,Predicting others’ knowledge: Knowledge estimation as cue utilization,Memory and Cognition,https://doi.org/10.3758/s13421-018-0842-4,15,2018,2.14,FALSE,NA
0090-502X,10.3758/s13421-019-00972-y,Levering; Conaway; Kurtz,2020,Revisiting the linear separability constraint: New implications for theories of human category learning,Memory and Cognition,https://doi.org/10.3758/s13421-019-00972-y,9,2020,1.8,FALSE,NA
0090-502X,10.3758/s13421-023-01460-0,Garofalo; Gherri; Riggio,2024,Syntax matters in shaping sensorimotor activation driven by nouns,Memory and Cognition,https://doi.org/10.3758/s13421-023-01460-0,0,2024,0,FALSE,NA
0090-502X,10.3758/s13421-011-0088-x,Meilinger; Berthoz; Wiener,2011,The integration of spatial information across different viewpoints,Memory and Cognition,https://doi.org/10.3758/s13421-011-0088-x,29,2011,2.07,FALSE,NA
0090-502X,10.3758/s13421-019-00952-2,Bateman; Thompson; Birney,2019,Validating the relation-monitoring task as a measure of relational integration and predictor of fluid intelligence,Memory and Cognition,https://doi.org/10.3758/s13421-019-00952-2,8,2019,1.33,FALSE,NA
0090-502X,10.3758/s13421-012-0279-0,Turk; Brady-van den Bos; Collard; Gillespie-Smith; Conway; Cunningham,2013,Divided attention selectively impairs memory for self-relevant information,Memory and Cognition,https://doi.org/10.3758/s13421-012-0279-0,35,2013,2.92,FALSE,NA
0090-502X,10.3758/s13421-014-0441-y,Mullaney; Carpenter; Grotenhuis; Burianek,2014,Waiting for feedback helps if you want to know the answer: the role of curiosity in the delay-of-feedback benefit,Memory and Cognition,https://doi.org/10.3758/s13421-014-0441-y,30,2014,2.73,FALSE,NA
0090-502X,10.3758/s13421-012-0272-7,Birnbaum; Kornell; Bjork; Bjork,2013,Why interleaving enhances inductive learning: The roles of discrimination and retrieval,Memory and Cognition,https://doi.org/10.3758/s13421-012-0272-7,151,2013,12.58,FALSE,NA
0090-502X,10.3758/s13421-021-01169-y,Whatley; Castel,2022,The role of metacognition and schematic support in younger and older adults' episodic memory,Memory and Cognition,https://doi.org/10.3758/s13421-021-01169-y,7,2022,2.33,FALSE,NA
2397-3374,10.1038/s41562-022-01295-w,Moodley,2022,Vaccine inequity is unethical,Nature Human Behaviour,https://doi.org/10.1038/s41562-022-01295-w,7,2022,2.33,FALSE,NA
2397-3374,10.1038/s41562-021-01159-9,Osiurak; Lasserre; Arbanti; Brogniart; Bluet; Navarro; Reynaud,2021,Technical reasoning is important for cumulative technological culture,Nature Human Behaviour,https://doi.org/10.1038/s41562-021-01159-9,20,2021,5,FALSE,NA
2397-3374,10.1038/s41562-024-01847-2,Lin,2024,How to write effective prompts for large language models,Nature Human Behaviour,https://doi.org/10.1038/s41562-024-01847-2,15,2024,15,FALSE,NA
2397-3374,10.1038/s41562-023-01711-9,Kundu,2023,Measuring trustworthiness is crucial for medical AI tools,Nature Human Behaviour,https://doi.org/10.1038/s41562-023-01711-9,2,2023,1,FALSE,NA
2397-3374,10.1038/s41562-024-01983-9,Zheng; Yebra; Schjetnan; Patel; Katz; Kyzar; Mosher; Kalia; Chung; Reed; Valiante; Mamelak; Kreiman; Rutishauser,2024,Theta phase precession supports memory formation and retrieval of naturalistic experience in humans,Nature Human Behaviour,https://doi.org/10.1038/s41562-024-01983-9,0,2024,0,FALSE,NA
2397-3374,10.1038/s41562-021-01189-3,Qi; Zhang; Zhang; Takana; Pan; Yin; Liu; Liu; Gao; He; Zhou,2021,Short- and medium-term impacts of strict anti-contagion policies on non-COVID-19 mortality in China,Nature Human Behaviour,https://doi.org/10.1038/s41562-021-01189-3,41,2021,10.25,FALSE,NA
2397-3374,10.1038/s41562-018-0418-0,Kline; Seltzer; Lukinova; Bynum,2018,Differentiated responsibilities and prosocial behaviour in climate change mitigation,Nature Human Behaviour,https://doi.org/10.1038/s41562-018-0418-0,19,2018,2.71,FALSE,NA
2397-3374,10.1038/s41562-024-01981-x,Khofi,2024,Period poverty is a continuing global challenge,Nature Human Behaviour,https://doi.org/10.1038/s41562-024-01981-x,0,2024,0,FALSE,NA
2397-3374,10.1038/s41562-023-01578-w,NA,2023,Social integration of refugee adolescents is encouraged by diversity,Nature Human Behaviour,https://doi.org/10.1038/s41562-023-01578-w,0,2023,0,FALSE,NA
2397-3374,10.1038/s41562-021-01196-4,Yang; Holtz; Jaffe; Suri; Sinha; Weston; Joyce; Shah; Sherman; Hecht; Teevan,2021,The effects of remote work on collaboration among information workers,Nature Human Behaviour,https://doi.org/10.1038/s41562-021-01196-4,345,2021,86.25,TRUE,NA
0749-5978,10.1016/j.obhdp.2006.11.002,Branzei; Vertinsky; Camp,2007,Culture-contingent signs of trust in emergent relationships,Organizational Behavior and Human Decision Processes,https://doi.org/10.1016/j.obhdp.2006.11.002,85,2007,4.72,FALSE,NA
0749-5978,10.1016/j.obhdp.2006.04.009,Bond; Carlson; Meloy; Russo; Tanner,2007,Information distortion in the evaluation of a single option,Organizational Behavior and Human Decision Processes,https://doi.org/10.1016/j.obhdp.2006.04.009,58,2007,3.22,FALSE,NA
0749-5978,10.1016/j.obhdp.2021.04.010,Hur; Lee-Yoon; Whillans,2021,Are they useful? The effects of performance incentives on the prioritization of work versus personal ties,Organizational Behavior and Human Decision Processes,https://doi.org/10.1016/j.obhdp.2021.04.010,7,2021,1.75,FALSE,NA
0749-5978,10.1016/j.obhdp.2019.12.005,Berman; Bhattacharjee; Small; Zauberman,2020,Passing the buck to the wealthier: Reference-dependent standards of generosity,Organizational Behavior and Human Decision Processes,https://doi.org/10.1016/j.obhdp.2019.12.005,14,2020,2.8,FALSE,NA
0749-5978,10.1016/j.obhdp.2015.05.002,Savani; King,2015,Perceiving outcomes as determined by external forces: The role of event construal in attenuating the outcome bias,Organizational Behavior and Human Decision Processes,https://doi.org/10.1016/j.obhdp.2015.05.002,24,2015,2.4,FALSE,NA
0749-5978,10.1016/j.obhdp.2015.03.006,Whitson; Wang; See; Baker; Murnighan,2015,"How, when, and why recipients and observers reward good deeds and punish bad deeds",Organizational Behavior and Human Decision Processes,https://doi.org/10.1016/j.obhdp.2015.03.006,17,2015,1.7,FALSE,NA
0749-5978,10.1016/j.obhdp.2024.104366,Mochon; Schwartz,2024,The confrontation effect: When users engage more with ideology-inconsistent content online,Organizational Behavior and Human Decision Processes,https://doi.org/10.1016/j.obhdp.2024.104366,0,2024,0,FALSE,NA
0749-5978,10.1016/j.obhdp.2009.01.004,De Cremer; Dijk,2009,Paying for sanctions in social dilemmas: The effects of endowment asymmetry and accountability,Organizational Behavior and Human Decision Processes,https://doi.org/10.1016/j.obhdp.2009.01.004,33,2009,2.06,FALSE,NA
0749-5978,10.1016/j.obhdp.2021.02.002,Yu; Berg; Zlatev,2021,Emotional acknowledgment: How verbalizing others’ emotions fosters interpersonal trust,Organizational Behavior and Human Decision Processes,https://doi.org/10.1016/j.obhdp.2021.02.002,19,2021,4.75,FALSE,NA
0749-5978,10.1016/j.obhdp.2020.07.005,Spiller; Ariely,2020,How does the perceived value of a medium of exchange depend on its set of possible uses?,Organizational Behavior and Human Decision Processes,https://doi.org/10.1016/j.obhdp.2020.07.005,2,2020,0.4,FALSE,NA
0146-1672,10.1177/01461672221099709,Verkuyten; Adelman; Yogeeswaran,2023,Intolerance of Transgressive Protest Actions: The Differential Roles of Deontological and Utilitarian Morality,Personality and Social Psychology Bulletin,https://doi.org/10.1177/01461672221099709,3,2023,1.5,FALSE,NA
0146-1672,10.1177/0146167207310022,Ford; Boxer; Armstrong; Edel,2008,More Than “Just a Joke”: The Prejudice-Releasing Function of Sexist Humor,Personality and Social Psychology Bulletin,https://doi.org/10.1177/0146167207310022,116,2008,6.82,FALSE,NA
0146-1672,10.1177/01461672241305687,Puntiroli; Kandul; Bezençon; Lanz,2025,Seeing Through the Fog: The Ability to Resolve Ambiguity Reduces Dishonesty,Personality and Social Psychology Bulletin,https://doi.org/10.1177/01461672241305687,0,2024,0,FALSE,NA
0146-1672,10.1177/0146167214554957,Helzer; Furr; Hawkins; Barranti; Blackie; Fleeson,2014,Agreement on the Perception of Moral Character,Personality and Social Psychology Bulletin,https://doi.org/10.1177/0146167214554957,45,2014,4.09,FALSE,NA
0146-1672,10.1177/01461672241247481,Toyama; Nagamine; Tang,2024,Mental Contrasting Strategies Promote the Pursuit of Difficult Goals: Japanese Cultural Context,Personality and Social Psychology Bulletin,https://doi.org/10.1177/01461672241247481,0,2024,0,FALSE,NA
0146-1672,10.1177/0146167214552792,Sagioglou; Greitemeyer,2014,Bitter Taste Causes Hostility,Personality and Social Psychology Bulletin,https://doi.org/10.1177/0146167214552792,32,2014,2.91,FALSE,NA
0146-1672,10.1177/0146167218759288,Sanchez; Chaney; Manuel; Remedios,2018,Theory of Prejudice and American Identity Threat Transfer for Latino and Asian Americans,Personality and Social Psychology Bulletin,https://doi.org/10.1177/0146167218759288,27,2018,3.86,FALSE,NA
0146-1672,10.1177/0146167218798821,Anderson; Allen; Plante; Quigley-McBride; Lovett; Rokkum,2019,The MTurkification of Social and Personality Psychology,Personality and Social Psychology Bulletin,https://doi.org/10.1177/0146167218798821,80,2019,13.33,FALSE,NA
0146-1672,10.1177/0146167213510746,SimanTov-Nachlieli; Shnabel,2014,Feeling Both Victim and Perpetrator,Personality and Social Psychology Bulletin,https://doi.org/10.1177/0146167213510746,52,2014,4.73,FALSE,NA
0146-1672,10.1177/0146167210384710,Winterich; Han; Lerner,2010,"Now That I’m Sad, It’s Hard to Be Mad: The Role of Cognitive Appraisals in Emotional Blunting",Personality and Social Psychology Bulletin,https://doi.org/10.1177/0146167210384710,41,2010,2.73,FALSE,NA
0031-5826,10.1111/j.1744-6570.2008.00126_6.x,NA,2008,The Leadership Advantage: How The Best Companies Are Developing Their Talent to Pave the Way for Future Success by Robert M. Fulmer and Jared L. Bleak,Personnel Psychology,https://doi.org/10.1111/j.1744-6570.2008.00126_6.x,0,2008,0,FALSE,NA
0031-5826,10.1111/peps.12195,Morrow,2016,"Shaul Oreg and Jacob Goldenberg. Resistance to Innovation: Its Sources and Manifestations. Chicago, IL: The University of Chicago Press, 2015, 205 pages, $45.00 hardcover.",Personnel Psychology,https://doi.org/10.1111/peps.12195,0,2016,0,FALSE,NA
0031-5826,10.1111/peps.12078,Derous; Ryan; Serlie,2015,Double Jeopardy Upon Resumé Screening: When Achmed Is Less Employable Than Aïsha,Personnel Psychology,https://doi.org/10.1111/peps.12078,62,2015,6.2,FALSE,NA
0031-5826,10.1111/peps.12225,Finkelstein; Costanza; Goodwin,2018,Do your high potentials have potential? The impact of individual differences and designation on leader success,Personnel Psychology,https://doi.org/10.1111/peps.12225,37,2018,5.29,FALSE,NA
0031-5826,10.1111/peps.12088_2,Ezzedeen,2014,"Lillian TurnerdeTormes Eby and Tammy D.Allen (Eds.). Personal Relationships: The Effect on Employee Attitudes, Behavior, and Well‐Being. New York, NY: Routledge, 2012, 501 pages, $85.00 hardcover.",Personnel Psychology,https://doi.org/10.1111/peps.12088_2,0,2014,0,FALSE,NA
0031-5826,10.1111/j.1744-6570.2007.00081_9.x,NA,2007,The Fox in the Henhouse: How Privatization Threatens Democracy,Personnel Psychology,https://doi.org/10.1111/j.1744-6570.2007.00081_9.x,0,2007,0,FALSE,NA
0031-5826,10.1111/j.1744-6570.2010.01174.x,RAMASWAMI; DREHER; BRETZ; WIETHOFF,2010,"GENDER, MENTORING, AND CAREER SUCCESS: THE IMPORTANCE OF ORGANIZATIONAL CONTEXT",Personnel Psychology,https://doi.org/10.1111/j.1744-6570.2010.01174.x,124,2010,8.27,FALSE,NA
0031-5826,10.1111/j.1744-6570.2007.00080.x,LeBRETON; HARGIS; GRIEPENTROG; OSWALD; PLOYHART,2007,A MULTIDIMENSIONAL APPROACH FOR EVALUATING VARIABLES IN ORGANIZATIONAL RESEARCH AND PRACTICE,Personnel Psychology,https://doi.org/10.1111/j.1744-6570.2007.00080.x,147,2007,8.17,FALSE,NA
0031-5826,10.1111/j.1744-6570.2011.01227_2.x,NA,2011,Special Issue Call for Papers: The Global Context and People at Work,Personnel Psychology,https://doi.org/10.1111/j.1744-6570.2011.01227_2.x,0,2011,0,FALSE,NA
0031-5826,10.1111/peps.12611,Stevenson; Guarana; Lee; Conder; Arvate; Bonani,2024,Entrepreneurial identity and entrepreneurial action: A within‐person field study,Personnel Psychology,https://doi.org/10.1111/peps.12611,6,2024,6,FALSE,NA
0956-7976,10.1177/09567976211048485,Taylor; Hilchey; Weidler; Pratt,2022,Eliminating the Low-Prevalence Effect in Visual Search With a Remarkably Simple Strategy,Psychological Science,https://doi.org/10.1177/09567976211048485,2,2022,0.67,FALSE,NA
0956-7976,10.1111/j.1467-9280.2008.02063.x,Krendl; Richeson; Kelley; Heatherton,2008,The Negative Consequences of Threat,Psychological Science,https://doi.org/10.1111/j.1467-9280.2008.02063.x,105,2008,6.18,FALSE,NA
0956-7976,10.1111/j.1467-9280.2009.02275.x,Mather; Gorlick; Lighthall,2009,To Brake or Accelerate When the Light Turns Yellow?,Psychological Science,https://doi.org/10.1111/j.1467-9280.2009.02275.x,46,2009,2.88,FALSE,NA
0956-7976,10.1111/j.1467-9280.2008.02192.x,Intraub; Dickinson,2008,False Memory 1/20th of a Second Later,Psychological Science,https://doi.org/10.1111/j.1467-9280.2008.02192.x,55,2008,3.24,FALSE,NA
0956-7976,10.1177/0956797617697739,Peng; Thurman; Lu,2017,Causal Action: A Fundamental Constraint on Perception and Inference About Body Movements,Psychological Science,https://doi.org/10.1177/0956797617697739,8,2017,1,FALSE,NA
0956-7976,10.1177/0956797611429134,Young; Wu; Menon,2012,The Neurodevelopmental Basis of Math Anxiety,Psychological Science,https://doi.org/10.1177/0956797611429134,203,2012,15.62,FALSE,NA
0956-7976,10.1177/0956797612441217,Brewer; Weber; Wootton; Lindsay,2012,Identifying the Bad Guy in a Lineup Using Confidence Judgments Under Deadline Pressure,Psychological Science,https://doi.org/10.1177/0956797612441217,26,2012,2,FALSE,NA
0956-7976,10.1177/0956797619893062,Tello; Harika-Germaneau; Serra; Jaafari; Chatard,2020,Forecasting a Fatal Decision: Direct Replication of the Predictive Validity of the Suicide–Implicit Association Test,Psychological Science,https://doi.org/10.1177/0956797619893062,38,2020,7.6,FALSE,NA
0956-7976,10.1177/0956797615598739,Proudfoot; Kay; Koval,2015,A Gender Bias in the Attribution of Creativity,Psychological Science,https://doi.org/10.1177/0956797615598739,121,2015,12.1,FALSE,NA
0956-7976,10.1177/0956797615586796,Bornstein; Putnick; Cote; Haynes; Suwalsky,2015,Mother-Infant Contingent Vocalizations in 11 Countries,Psychological Science,https://doi.org/10.1177/0956797615586796,79,2015,7.9,FALSE,NA
0882-7974,10.1037/pag0000104.supp,NA,2016,Supplemental Material for Time Perspective and Social Preference in Older and Younger Adults: Effects of Self-Regulatory Fatigue,Psychology and Aging,https://doi.org/10.1037/pag0000104.supp,0,2016,0,FALSE,NA
1939-1498,10.1037/a0018199,Noftle; Fleeson,2010,"Age differences in big five behavior averages and variabilities across the adult life span: Moving beyond retrospective, global summary accounts of personality.",Psychology and Aging,https://doi.org/10.1037/a0018199,77,2010,5.13,FALSE,NA
1939-1498,10.1037/a0028504,Thomas; Bonura; Taylor,2012,The influence of semantic relationships on older adult map memory.,Psychology and Aging,https://doi.org/10.1037/a0028504,12,2012,0.92,FALSE,NA
0882-7974,10.1037/pag0000812.supp,NA,2024,Supplemental Material for Postponing Old Age: Evidence for Historical Change Toward a Later Perceived Onset of Old Age,Psychology and Aging,https://doi.org/10.1037/pag0000812.supp,0,2024,0,FALSE,NA
0882-7974,10.1037/pag0000729.supp,NA,2023,Supplemental Material for Associations Between Mental Health Status and Labor Force Transitions in China: A Longitudinal Study Between Agricultural and Nonagricultural Sectors,Psychology and Aging,https://doi.org/10.1037/pag0000729.supp,0,2023,0,FALSE,NA
1939-1498,10.1037/a0024959,Haase; Seider; Shiota; Levenson,2012,Anger and sadness in response to an emotionally neutral film: Evidence for age-specific associations with well-being.,Psychology and Aging,https://doi.org/10.1037/a0024959,22,2012,1.69,FALSE,NA
1939-1498,10.1037/a0017896,Shiota; Levenson,2009,"Effects of aging on experimentally instructed detached reappraisal, positive reappraisal, and emotional behavior suppression.",Psychology and Aging,https://doi.org/10.1037/a0017896,241,2009,15.06,FALSE,NA
1939-1498,10.1037/pag0000848,Kelber; Mittelstädt; Ulrich,2025,Interplay of aging and practice in conflict processing: A big-data diffusion-model analysis.,Psychology and Aging,https://doi.org/10.1037/pag0000848,0,2024,0,FALSE,NA
0882-7974,10.1037/pag0000310.supp,NA,2019,Supplemental Material for Age-Related Differences in Prefrontal-Hippocampal Connectivity Are Associated With Reduced Spatial Context Memory,Psychology and Aging,https://doi.org/10.1037/pag0000310.supp,0,2019,0,FALSE,NA
1939-1498,10.1037/pag0000827,Nikitin; Luchetti; Alimanovic; Rupprecht; Sutin,2024,Are social interactions perceived as more meaningful in older adulthood?,Psychology and Aging,https://doi.org/10.1037/pag0000827,2,2024,2,FALSE,NA
1932-6203,10.1371/journal.pone.0000883,Lombardo; Barnes; Wheelwright; Baron-Cohen,2007,Self-Referential Cognition and Empathy in Autism,PLoS ONE,https://doi.org/10.1371/journal.pone.0000883,299,2007,1661,FALSE,TRUE
1932-6203,10.1371/journal.pone.0000424,Cavina-Pratesi; Goodale; Culham,2007,FMRI Reveals a Dissociation between Grasping and Perceiving the Size of Real 3D Objects,PLoS ONE,https://doi.org/10.1371/journal.pone.0000424,116,2007,644,FALSE,TRUE
1932-6203,10.1371/journal.pone.0000376,Drosopoulos; Windau; Wagner; Born,2007,Sleep Enforces the Temporal Order in Memory,PLoS ONE,https://doi.org/10.1371/journal.pone.0000376,36,2007,2,FALSE,TRUE
1932-6203,10.1371/journal.pone.0001223,Balas; Cox; Conwell,2007,The Effect of Real-World Personal Familiarity on the Speed of Face Information Processing,PLoS ONE,https://doi.org/10.1371/journal.pone.0001223,35,2007,194,FALSE,TRUE
1932-6203,10.1371/journal.pone.0002226,Steinbeis; Koelsch,2008,Comparing the Processing of Music and Language Meaning Using EEG and fMRI Provides Evidence for Similar and Distinct Neural Representations,PLoS ONE,https://doi.org/10.1371/journal.pone.0002226,60,2008,353,FALSE,TRUE
1932-6203,10.1371/journal.pone.0003890,Montag; Schubert; Heinz; Gallinat,2008,Prefrontal Cortex Glutamate Correlates with Mental Perspective-Taking,PLoS ONE,https://doi.org/10.1371/journal.pone.0003890,41,2008,241,FALSE,TRUE
1932-6203,10.1371/journal.pone.0001966,Azadpour; Balaban,2008,"Phonological Representations Are Unconsciously Used when Processing Complex, Non-Speech Signals",PLoS ONE,https://doi.org/10.1371/journal.pone.0001966,6,2008,35,FALSE,TRUE
1932-6203,10.1371/journal.pone.0002939,Jabbi; Bastiaansen; Keysers,2008,"A Common Anterior Insula Representation of Disgust Observation, Experience and Imagination Shows Divergent Functional Connectivity Pathways",PLoS ONE,https://doi.org/10.1371/journal.pone.0002939,223,2008,1312,FALSE,TRUE
1932-6203,10.1371/journal.pone.0007600,Salminen; May; Alku; Tiitinen,2009,A Population Rate Code of Auditory Space in the Human Cortex,PLoS ONE,https://doi.org/10.1371/journal.pone.0007600,88,2009,55,FALSE,TRUE
1932-6203,10.1371/journal.pone.0006900,Chahine; Krekelberg,2009,Cortical Contributions to Saccadic Suppression,PLoS ONE,https://doi.org/10.1371/journal.pone.0006900,12,2009,75,FALSE,TRUE
1932-6203,10.1371/journal.pone.0004557,Fujiwara,2009,Is Altruistic Behavior Associated with Major Depression Onset?,PLoS ONE,https://doi.org/10.1371/journal.pone.0004557,13,2009,81,FALSE,TRUE
1932-6203,10.1371/journal.pone.0008914,Boivin; Bangirana; Smith,2010,The Relationship between Visual-Spatial and Auditory-Verbal Working Memory Span in Senegalese and Ugandan Children,PLoS ONE,https://doi.org/10.1371/journal.pone.0008914,8,2010,53,FALSE,TRUE
1932-6203,10.1371/journal.pone.0012611,Sheng; Gheytanchi; Aziz-Zadeh,2010,Default Network Deactivations Are Correlated with Psychopathic Personality Traits,PLoS ONE,https://doi.org/10.1371/journal.pone.0012611,27,2010,18,FALSE,TRUE
1932-6203,10.1371/journal.pone.0013706,Holmes; James; Kilford; Deeprose,2010,Key Steps in Developing a Cognitive Vaccine against Traumatic Flashbacks: Visuospatial Tetris versus Verbal Pub Quiz,PLoS ONE,https://doi.org/10.1371/journal.pone.0013706,166,2010,1107,FALSE,TRUE
1932-6203,10.1371/journal.pone.0010448,Blas; Alva; Carcamo; Cabello; Goodreau; Kimball; Kurth,2010,Effect of an Online Video-Based Intervention to Increase HIV Testing in Men Who Have Sex with Men in Peru,PLoS ONE,https://doi.org/10.1371/journal.pone.0010448,69,2010,46,FALSE,TRUE
1932-6203,10.1371/journal.pone.0009727,Li; Rao; Bai; Zheng; Ren; Li; Wang; Liu; Zhang,2010,Progression of the “Psychological Typhoon Eye” and Variations Since the Wenchuan Earthquake,PLoS ONE,https://doi.org/10.1371/journal.pone.0009727,31,2010,207,FALSE,TRUE
1932-6203,10.1371/journal.pone.0052528,Tomoda; Polcari; Anderson; Teicher,2012,Reduced Visual Cortex Gray Matter Volume and Thickness in Young Adults Who Witnessed Domestic Violence during Childhood,PLoS ONE,https://doi.org/10.1371/journal.pone.0052528,141,2012,1085,FALSE,TRUE
1932-6203,10.1371/journal.pone.0036118,Ndziessi; Boyer; Kouanfack; Cohen; Marcellin; Moatti; Delaporte; Spire; Laurent; Carrieri; NA,2012,Adherence as a Predictor of Sexual Behaviors in People Living with HIV/AIDS during the First Year of Antiretroviral Therapy in Rural Cameroon: Data from Stratall ANRS 12110/ESTHER Trial,PLoS ONE,https://doi.org/10.1371/journal.pone.0036118,8,2012,62,FALSE,TRUE
1932-6203,10.1371/journal.pone.0044417,Shirreffs; Lee; Henry; Golden; Stekler,2012,"Understanding Barriers to Routine HIV Screening: Knowledge, Attitudes, and Practices of Healthcare Providers in King County, Washington",PLoS ONE,https://doi.org/10.1371/journal.pone.0044417,24,2012,185,FALSE,TRUE
1932-6203,10.1371/journal.pone.0032830,Antoniades; Buttery; FitzGerald; Barker; Carpenter; Watts,2012,Deep Brain Stimulation: Eye Movements Reveal Anomalous Effects of Electrode Placement and Stimulation,PLoS ONE,https://doi.org/10.1371/journal.pone.0032830,24,2012,185,FALSE,TRUE
1932-6203,10.1371/journal.pone.0035633,Adler; Hershfield,2012,Mixed Emotional Experience Is Associated with and Precedes Improvements in Psychological Well-Being,PLoS ONE,https://doi.org/10.1371/journal.pone.0035633,49,2012,377,FALSE,TRUE
1932-6203,10.1371/journal.pone.0081392,Ondobaka; Newman-Norlund; de Lange; Bekkering,2013,Action Recognition Depends on Observer’s Level of Action Control and Social Personality Traits,PLoS ONE,https://doi.org/10.1371/journal.pone.0081392,9,2013,75,FALSE,TRUE
1932-6203,10.1371/journal.pone.0057069,Ragazzoni; Pirulli; Veniero; Feurra; Cincotta; Giovannelli; Chiaramonti; Lino; Rossi; Miniussi,2013,"Vegetative versus Minimally Conscious States: A Study Using TMS-EEG, Sensory and Event-Related Potentials",PLoS ONE,https://doi.org/10.1371/journal.pone.0057069,98,2013,817,FALSE,TRUE
1932-6203,10.1371/journal.pone.0075434,Cui; Zhang; Takahashi,2013,The Neural Mechanism of Encountering Misjudgment by the Justice System,PLoS ONE,https://doi.org/10.1371/journal.pone.0075434,2,2013,17,FALSE,TRUE
1932-6203,10.1371/journal.pone.0065072,Lin; Ho; Lin; Yeh; Liu; Kuo; Yang; Yang,2013,On-Call Duty Effects on Sleep-State Physiological Stability in Male Medical Interns,PLoS ONE,https://doi.org/10.1371/journal.pone.0065072,20,2013,167,FALSE,TRUE
1932-6203,10.1371/journal.pone.0055351,Choudhry; Sengupta; Grizenko; Harvey; Fortier; Schmitz; Joober,2013,Body Weight and ADHD: Examining the Role of Self-Regulation,PLoS ONE,https://doi.org/10.1371/journal.pone.0055351,28,2013,233,FALSE,TRUE
1932-6203,10.1371/journal.pone.0115756,Cone; Rand,2014,Time Pressure Increases Cooperation in Competitively Framed Social Dilemmas,PLoS ONE,https://doi.org/10.1371/journal.pone.0115756,56,2014,509,FALSE,TRUE
1932-6203,10.1371/journal.pone.0101982,Qin; Liu; Zhu; Weng; Xu; Ai,2014,Health Related Quality of Life and Influencing Factors among Welders,PLoS ONE,https://doi.org/10.1371/journal.pone.0101982,16,2014,145,FALSE,TRUE
1932-6203,10.1371/journal.pone.0113196,Fu; Vaughn; Wu; Heath,2014,Psychiatric Correlates of Snuff and Chewing Tobacco Use,PLoS ONE,https://doi.org/10.1371/journal.pone.0113196,14,2014,127,FALSE,TRUE
1932-6203,10.1371/journal.pone.0103064,Shi; Ehlers; Warner,2014,The Theory of Planned Behavior as Applied to Preoperative Smoking Abstinence,PLoS ONE,https://doi.org/10.1371/journal.pone.0103064,13,2014,118,FALSE,TRUE
1932-6203,10.1371/journal.pone.0138198,R.-Tavakoli; Atyabi; Rantanen; Laukka; Nefti-Meziani; Heikkilä,2015,Predicting the Valence of a Scene from Observers’ Eye Movements,PLoS ONE,https://doi.org/10.1371/journal.pone.0138198,30,2015,3,FALSE,TRUE
1932-6203,10.1371/journal.pone.0141191,Guillon; Afzali; Rogé; Baduel; Kruck; Hadjikhani,2015,The Importance of Networking in Autism Gaze Analysis,PLoS ONE,https://doi.org/10.1371/journal.pone.0141191,22,2015,22,FALSE,TRUE
1932-6203,10.1371/journal.pone.0136750,Rennung; Göritz,2015,Facing Sorrow as a Group Unites. Facing Sorrow in a Group Divides,PLoS ONE,https://doi.org/10.1371/journal.pone.0136750,22,2015,22,FALSE,TRUE
1932-6203,10.1371/journal.pone.0177437,Zhao; Sun; Zhang; Wu; Liu; Yang; Qin,2017,Sleep spindle detection based on non-experts: A validation study,PLoS ONE,https://doi.org/10.1371/journal.pone.0177437,5,2017,63,FALSE,TRUE
1932-6203,10.1371/journal.pone.0178386,Zhang; Shi; Zhang; Zhao; Dong; Liu; Lian; Liang; Chen; Luo; Pei; Mo; Huang; Ouyang; Guo; Liang; Zhang,2017,Probabilistic Entity-Relationship Diagram: A correlation between functional connectivity and spontaneous brain activity during resting state in major depressive disorder,PLoS ONE,https://doi.org/10.1371/journal.pone.0178386,2,2017,25,FALSE,TRUE
1932-6203,10.1371/journal.pone.0178476,Lee; Kim; Kim; Lee; Chung; Kim; Yoo,2017,Non-invasive transmission of sensorimotor information in humans using an EEG/focused ultrasound brain-to-brain interface,PLoS ONE,https://doi.org/10.1371/journal.pone.0178476,49,2017,613,FALSE,TRUE
1932-6203,10.1371/journal.pone.0189462,Zhu; Yang; Li; Zhou; Liu; Zhang; Chen,2017,Age-related reduction of adaptive brain response during semantic integration is associated with gray matter reduction,PLoS ONE,https://doi.org/10.1371/journal.pone.0189462,12,2017,15,FALSE,TRUE
1932-6203,10.1371/journal.pone.0176721,Han; Rapoport; Zhao,2017,Inequity-aversion and relative kindness intention jointly determine the expenditure of effort in project teams,PLoS ONE,https://doi.org/10.1371/journal.pone.0176721,4,2017,5,FALSE,TRUE
1932-6203,10.1371/journal.pone.0180499,Lewis; Roberson; Foulsham,2017,The impact of facial abnormalities and their spatial position on perception of cuteness and attractiveness of infant faces,PLoS ONE,https://doi.org/10.1371/journal.pone.0180499,8,2017,1,FALSE,TRUE
1932-6203,10.1371/journal.pone.0207123,Cugnata; Martoni; Ferrario; Di Serio; Brombin,2018,Modeling physiological responses induced by an emotion recognition task using latent class mixed models,PLoS ONE,https://doi.org/10.1371/journal.pone.0207123,3,2018,43,FALSE,TRUE
1932-6203,10.1371/journal.pone.0204424,Parkin Kullmann; Hayes; Pamphlett,2018,"Is psychological stress a predisposing factor for amyotrophic lateral sclerosis (ALS)? An online international case-control study of premorbid life events, occupational stress, resilience and anxiety",PLoS ONE,https://doi.org/10.1371/journal.pone.0204424,11,2018,157,FALSE,TRUE
1932-6203,10.1371/journal.pone.0207528,Marotta; Zampini; Tinazzi; Fiorio,2018,Age-related changes in the sense of body ownership: New insights from the rubber hand illusion,PLoS ONE,https://doi.org/10.1371/journal.pone.0207528,20,2018,286,FALSE,TRUE
1932-6203,10.1371/journal.pone.0214300,Henriques da Silva; Ferreira Júnior; Muniz de Medeiros; Albuquerque,2019,Adaptive memory and evolution of the human naturalistic mind: Insights from the use of medicinal plants,PLoS ONE,https://doi.org/10.1371/journal.pone.0214300,17,2019,283,FALSE,TRUE
1932-6203,10.1371/journal.pone.0216324,Lee; Gonzalez; Small; Thompson,2019,Internalized weight bias and psychological wellbeing: An exploratory investigation of a preliminary model,PLoS ONE,https://doi.org/10.1371/journal.pone.0216324,28,2019,467,FALSE,TRUE
1932-6203,10.1371/journal.pone.0226248,Yazdavar; Mahdavinejad; Bajaj; Romine; Sheth; Monadjemi; Thirunarayan; Meddar; Myers; Pathak; Hitzler,2020,Multimodal mental health analysis in social media,PLoS ONE,https://doi.org/10.1371/journal.pone.0226248,80,2020,16,FALSE,TRUE
1932-6203,10.1371/journal.pone.0236443,Chang; Lee; Wu; Tsai; Ho; Lin; Chuang,2020,Risk factors for depression in patients with Parkinson’s disease: A nationwide nested case-control study,PLoS ONE,https://doi.org/10.1371/journal.pone.0236443,9,2020,18,FALSE,TRUE
1932-6203,10.1371/journal.pone.0235529,Eddy; Hansen,2020,Predictors of performance on the Reading the Mind in the Eyes Test,PLoS ONE,https://doi.org/10.1371/journal.pone.0235529,16,2020,32,FALSE,TRUE
1932-6203,10.1371/journal.pone.0227790,Roberts; Fernandes; MacLeod,2020,Re-evaluating whether bilateral eye movements influence memory retrieval,PLoS ONE,https://doi.org/10.1371/journal.pone.0227790,10,2020,2,FALSE,TRUE
1932-6203,10.1371/journal.pone.0251670,Simegn; Dagnew; Yeshaw; Yitayih; Woldegerima; Dagne,2021,"Depression, anxiety, stress and their associated factors among Ethiopian University students during an early stage of COVID-19 pandemic: An online-based cross-sectional survey",PLoS ONE,https://doi.org/10.1371/journal.pone.0251670,40,2021,10,FALSE,TRUE
1932-6203,10.1371/journal.pone.0257048,Doerwald; Albrecht; Stalling; Bammann,2021,Domain-specific life satisfaction among older adults with and without children: The role of intergenerational contact,PLoS ONE,https://doi.org/10.1371/journal.pone.0257048,10,2021,25,FALSE,TRUE
1932-6203,10.1371/journal.pone.0252114,Harman; Kliamovich; Morales; Gilbert; Barch; Mooney; Feldstein Ewing; Fair; Nagel,2021,Prediction of suicidal ideation and attempt in 9 and 10 year-old children using transdiagnostic risk features,PLoS ONE,https://doi.org/10.1371/journal.pone.0252114,17,2021,425,FALSE,TRUE
1932-6203,10.1371/journal.pone.0276736,Komagamine; Suzuki; Kokubun; Komagamine; Kawasaki; Funakoshi; Hirata,2022,Sleep-related hallucinations in patients with Parkinson’s disease,PLoS ONE,https://doi.org/10.1371/journal.pone.0276736,0,2022,0,FALSE,TRUE
1932-6203,10.1371/journal.pone.0271374,Hoorani; Krishnakumar; Anand,2022,Adolescent’s time use and skills development: Do cognitive and non-cognitive skills differ?,PLoS ONE,https://doi.org/10.1371/journal.pone.0271374,2,2022,67,FALSE,TRUE
1932-6203,10.1371/journal.pone.0265806,Tobin; Guadagno,2022,Why people listen: Motivations and outcomes of podcast listening,PLoS ONE,https://doi.org/10.1371/journal.pone.0265806,41,2022,1367,FALSE,TRUE
1932-6203,10.1371/journal.pone.0270934,Maltezou-Papastylianou; Russo; Wallace; Harmsworth; Paulmann,2022,"Different stages of emotional prosody processing in healthy ageing–evidence from behavioural responses, ERPs, tDCS, and tRNS",PLoS ONE,https://doi.org/10.1371/journal.pone.0270934,4,2022,133,FALSE,TRUE
1932-6203,10.1371/journal.pone.0284984,Hudecek; Lemster; Fischer; Cecil; Frey; Gaube; Lermer,2023,"Surfing in the streets: How problematic smartphone use, fear of missing out, and antisocial personality traits are linked to driving behavior",PLoS ONE,https://doi.org/10.1371/journal.pone.0284984,2,2023,1,FALSE,TRUE
1932-6203,10.1371/journal.pone.0280563,Gnisci; Mottola; Perugini; Senese; Sergi,2023,Development and validation of an instrument to measure personality in adolescence: The HEXACO Medium School Inventory Extended (MSI-E),PLoS ONE,https://doi.org/10.1371/journal.pone.0280563,4,2023,2,FALSE,TRUE
1932-6203,10.1371/journal.pone.0287589,Thomas; Szilagyi; Vangala; Dudovitz; Shah; Vizueta; Kapteyn,2023,Behind closed doors: Protective social behavior during the COVID-19 pandemic,PLoS ONE,https://doi.org/10.1371/journal.pone.0287589,0,2023,0,FALSE,TRUE
1932-6203,10.1371/journal.pone.0287854,Rzeszutek; Dragan; Lis-Turlejska; Schier; Holas; Drabarek; Van Hoy; Pięta; Poncyliusz; Michałowska; Wdowczyk; Borowska; Szumiał,2023,Exposure to self-reported traumatic events and probable PTSD in a national sample of Poles: Why does Poland’s PTSD prevalence differ from other national estimates?,PLoS ONE,https://doi.org/10.1371/journal.pone.0287854,5,2023,25,FALSE,TRUE
1932-6203,10.1371/journal.pone.0286152,Vaquero-Cristóbal; Maciá-Andreu; Díaz-Aroca; Meroño; García-Roca; Abenza-Cano; Cánovas-Álvarez; Sánchez-Pato; Leiva-Arcas,2023,Exploring the perception of barriers to a dual career by student-athletes with/out disabilities,PLoS ONE,https://doi.org/10.1371/journal.pone.0286152,4,2023,2,FALSE,TRUE
1932-6203,10.1371/journal.pone.0296177,Dyer; Herbst; Hintz; Williams,2023,Personal relevance affects the perceived immorality of politically-charged threats,PLoS ONE,https://doi.org/10.1371/journal.pone.0296177,0,2023,0,FALSE,TRUE
1932-6203,10.1371/journal.pone.0311681,Mousa; Salameh; Ghaly; Hasan; Almefarfesh; Kumari; Huwaikem,2024,Examining nursing students’ awareness of various medical errors during clinical internships to enhance patient safety: A multi-center cross-sectional study,PLoS ONE,https://doi.org/10.1371/journal.pone.0311681,0,2024,0,FALSE,TRUE
1932-6203,10.1371/journal.pone.0297837,Tanabe; Sugawara; Sakurai; Motomura; Okada; Tsukao; Kuno,2024,Impact of subjective well-being on physical frailty in middle-aged and elderly Japanese with high social isolation,PLoS ONE,https://doi.org/10.1371/journal.pone.0297837,0,2024,0,FALSE,TRUE
1932-6203,10.1371/journal.pone.0299528,Vike; Bari; Kim; Katsaggelos; Blood; Breiter; NA,2024,Characterizing major depressive disorder and substance use disorder using heatmaps and variable interactions: The utility of operant behavior and brain structure relationships,PLoS ONE,https://doi.org/10.1371/journal.pone.0299528,0,2024,0,FALSE,TRUE
1932-6203,10.1371/journal.pone.0297051,Assaf; Al Sabbah; Momani; Al-Amer; A. Al-Sa’ad; Ababneh,2024,Factors influencing gestational diabetes self-care among pregnant women in a Syrian Refugee Camp in Jordan,PLoS ONE,https://doi.org/10.1371/journal.pone.0297051,1,2024,1,FALSE,TRUE
1932-6203,10.1371/journal.pone.0313502,Eerola; Saari,2025,What emotions does music express? Structure of affect terms in music using iterative crowdsourcing paradigm,PLoS ONE,https://doi.org/10.1371/journal.pone.0313502,0,2024,0,FALSE,TRUE
1932-6203,10.1371/journal.pone.0316841,Hong,2025,The impact of future time perspective on academic achievement: Mediating roles of academic burnout and engagement,PLoS ONE,https://doi.org/10.1371/journal.pone.0316841,0,2024,0,FALSE,TRUE
1932-6203,10.1371/journal.pone.0316599,Zhao; Zhao; Xu,2025,Relationship between middle school students’ academic stress and physical exercise behavior from the perspective of Self-Determination Theory: The chained mediation of motivation and intention,PLoS ONE,https://doi.org/10.1371/journal.pone.0316599,0,2024,0,FALSE,TRUE
1932-6203,10.1371/journal.pone.0299781,Cheng; Faulkner; Malone; Gu; Thorndike,2025,Sociodemographic and behavioral factors associated with diet quality among low-income community health center patients with hypertension,PLoS ONE,https://doi.org/10.1371/journal.pone.0299781,0,2024,0,FALSE,TRUE
1932-6203,10.1371/journal.pone.0309548,Lavenne-Collot; Maubant; Déroulez; Bronsard; Wehrmann; Botbol; Berthoz,2025,Self /other recognition and distinction in adolescents with anorexia nervosa: A pilot study using a double mirror paradigm,PLoS ONE,https://doi.org/10.1371/journal.pone.0309548,0,2024,0,FALSE,TRUE
